group_key,count,sample_actor_labels,source_folder_path,asset_path,actor_class_path,assembly_signature,render_part_count,total_render_part_count,source_actor_count,unsupported_component_count,unsupported_component_types,risk_flags,suggested_object_type_rid,suggested_object_type_name,hierarchy_path,classification_status,action,notes
assembly_signature:00089f9c8c0eae1139145da07da92da6,1,触控显示屏006,ToMigrateAudit,/Game/AVIC_Show/Art/A03_ParkLevel/0713/Geometries/Obj3d66-705810-17-480.Obj3d66-705810-17-480,/Script/Engine.Actor,00089f9c8c0eae1139145da07da92da6,2,2,3,0,,composite_assembly,zhhz.display_control_terminal,触控与操作终端,航空展馆/触控与操作终端,confirmed,create_experimental,reviewed Datasmith handle=539610; selection_source=candidate
assembly_signature:012db238eea22d06e9839a717b3d4a1f,1,Z-9ME001,ToMigrateAudit,/Game/AVIC_Show/Art/A03_ParkLevel/0713/Geometries/Obj3d66-8630057-61-474.Obj3d66-8630057-61-474,/Script/Engine.Actor,012db238eea22d06e9839a717b3d4a1f,15,15,16,0,,composite_assembly,zhhz.rotorcraft,旋翼航空器,航空展馆/旋翼航空器,confirmed,create_experimental,reviewed Datasmith handle=487955; selection_source=candidate
assembly_signature:012ef1a79b70e47e263d3980de1fef7c,1,HH-100,ToMigrateAudit,/Game/AVIC_Show/Art/A03_ParkLevel/0713/Geometries/NONE_SAFE_64.NONE_SAFE_64,/Script/Engine.Actor,012ef1a79b70e47e263d3980de1fef7c,107,107,108,0,,composite_assembly,zhhz.unmanned_new_aircraft,无人/新型航空器,航空展馆/无人及新型航空器,confirmed,create_experimental,reviewed Datasmith handle=612860; selection_source=candidate
assembly_signature:0960100cff80819302516efd4869ae4a,1,PL-90AE002,ToMigrateAudit,/Game/AVIC_Show/Art/A03_ParkLevel/0713/Geometries/Sphere5907.Sphere5907,/Script/Engine.Actor,0960100cff80819302516efd4869ae4a,2,2,3,0,,composite_assembly,zhhz.aviation_weapon,航空武器/弹药,航空展馆/航空武器与弹药,confirmed,create_experimental,reviewed Datasmith handle=467830; selection_source=candidate
assembly_signature:0b64e2cc8a4e823e00005dff5b0d6bc7,1,MA60灭火,ToMigrateAudit,/Game/AVIC_Show/Art/A03_ParkLevel/0713/Geometries/fangzhuangdengxia004.fangzhuangdengxia004,/Script/Engine.Actor,0b64e2cc8a4e823e00005dff5b0d6bc7,98,98,103,0,,composite_assembly,zhhz.fixed_wing_aircraft,固定翼航空器,航空展馆/固定翼航空器,confirmed,create_experimental,reviewed Datasmith handle=138652; selection_source=supplemental
assembly_signature:0c60393befdb76617bcec7a54cca987e,1,AC312E,ToMigrateAudit,/Game/AVIC_Show/Art/A03_ParkLevel/0713/Geometries/Obj3d66-558849-1-223.Obj3d66-558849-1-223,/Script/Engine.Actor,0c60393befdb76617bcec7a54cca987e,17,17,18,0,,composite_assembly,zhhz.rotorcraft,旋翼航空器,航空展馆/旋翼航空器,confirmed,create_experimental,reviewed Datasmith handle=139535; selection_source=candidate
assembly_signature:10f8d173537e942befc0e9863deca26c,1,氢能源无人机,ToMigrateAudit,/Game/AVIC_Show/Art/A03_ParkLevel/0713/Geometries/Obj3d66-9493379-1-994.Obj3d66-9493379-1-994,/Script/Engine.Actor,10f8d173537e942befc0e9863deca26c,4,4,5,0,,composite_assembly,zhhz.unmanned_new_aircraft,无人/新型航空器,航空展馆/无人及新型航空器,confirmed,create_experimental,reviewed Datasmith handle=198028; selection_source=candidate
assembly_signature:113e68d6810238bfff2aa658eaea9674,1,触控显示屏011,ToMigrateAudit,/Game/AVIC_Show/Art/A03_ParkLevel/0713/Geometries/Obj3d66-705810-17-485.Obj3d66-705810-17-485,/Script/Engine.Actor,113e68d6810238bfff2aa658eaea9674,2,2,3,0,,composite_assembly,zhhz.display_control_terminal,触控与操作终端,航空展馆/触控与操作终端,confirmed,create_experimental,reviewed Datasmith handle=539625; selection_source=candidate
assembly_signature:114f5e8cf3b51e36edd1e6cd4eb080b3,1,J-10CE001,ToMigrateAudit,/Game/AVIC_Show/Art/A03_ParkLevel/0713/Geometries/3d66-Editable_Poly-27705474-433.3d66-Editable_Poly-27705474-433,/Script/Engine.Actor,114f5e8cf3b51e36edd1e6cd4eb080b3,223,223,416,0,,composite_assembly,zhhz.fixed_wing_aircraft,固定翼航空器,航空展馆/固定翼航空器,confirmed,create_experimental,reviewed Datasmith handle=544012; selection_source=candidate
assembly_signature:15def895c1ae98e6649827f375aef30b,1,YJ-9ER,ToMigrateAudit,/Game/AVIC_Show/Art/A03_ParkLevel/0713/Geometries/Line2144964047.Line2144964047,/Script/Engine.Actor,15def895c1ae98e6649827f375aef30b,14,14,17,0,,composite_assembly,zhhz.aviation_weapon,航空武器/弹药,航空展馆/航空武器与弹药,confirmed,create_experimental,reviewed Datasmith handle=467840; selection_source=candidate
assembly_signature:17014ff9a409e47c6533c9edeb293d55,1,J-15T002,ToMigrateAudit,/Game/AVIC_Show/Art/A03_ParkLevel/0713/Geometries/歼十五-左前缘襟翼外段005.歼十五-左前缘襟翼外段005,/Script/Engine.Actor,17014ff9a409e47c6533c9edeb293d55,58,58,59,0,,composite_assembly,zhhz.fixed_wing_aircraft,固定翼航空器,航空展馆/固定翼航空器,confirmed,create_experimental,reviewed Datasmith handle=543480; selection_source=candidate
assembly_signature:17fb8fa8ca1dc462353e587b6fcb5376,1,Z-20,ToMigrateAudit,/Game/AVIC_Show/Art/A03_ParkLevel/0713/Geometries/配件003.配件003,/Script/Engine.Actor,17fb8fa8ca1dc462353e587b6fcb5376,6,6,7,0,,composite_assembly,zhhz.rotorcraft,旋翼航空器,航空展馆/旋翼航空器,confirmed,create_experimental,reviewed Datasmith handle=101533; selection_source=candidate
assembly_signature:18885da9d9467c6eacebc29eb02060a3,1,PL-15E,ToMigrateAudit,/Game/AVIC_Show/Art/A03_ParkLevel/0713/Geometries/PL15.PL15,/Script/Engine.Actor,18885da9d9467c6eacebc29eb02060a3,1,1,2,0,,,zhhz.aviation_weapon,航空武器/弹药,航空展馆/航空武器与弹药,confirmed,create_experimental,reviewed Datasmith handle=410185; selection_source=candidate
assembly_signature:1c6359da4bc753ce85fab59cc91d8049,1,LD-15-25,ToMigrateAudit,/Game/AVIC_Show/Art/A03_ParkLevel/0713/Geometries/Line2144960627.Line2144960627,/Script/Engine.Actor,1c6359da4bc753ce85fab59cc91d8049,7,7,8,0,,composite_assembly,zhhz.aviation_weapon,航空武器/弹药,航空展馆/航空武器与弹药,confirmed,create_experimental,reviewed Datasmith handle=112958; selection_source=candidate
assembly_signature:1c97250b8d4801aa2c68154b27e50d90,1,空中加油座舱,ToMigrateAudit,/Game/AVIC_Show/Art/A03_ParkLevel/0713/Geometries/Object033.Object033,/Script/Engine.Actor,1c97250b8d4801aa2c68154b27e50d90,42,42,44,0,,composite_assembly,zhhz.cockpit_simulator,座舱/模拟训练系统,航空展馆/座舱与模拟训练系统,confirmed,create_experimental,reviewed Datasmith handle=211920; selection_source=candidate
assembly_signature:1ddd3314a89c2a1a6f78be52c3936d49,1,触控显示屏009,ToMigrateAudit,/Game/AVIC_Show/Art/A03_ParkLevel/0713/Geometries/Obj3d66-705810-22-978.Obj3d66-705810-22-978,/Script/Engine.Actor,1ddd3314a89c2a1a6f78be52c3936d49,2,2,3,0,,composite_assembly,zhhz.display_control_terminal,触控与操作终端,航空展馆/触控与操作终端,confirmed,create_experimental,reviewed Datasmith handle=539619; selection_source=candidate
assembly_signature:20a6180b5e75b0814a077c70b90e6a07,1,KJ-600,ToMigrateAudit,/Game/AVIC_Show/Art/A03_ParkLevel/0713/Geometries/3d66-Editable_mesh-22885241-026.3d66-Editable_mesh-22885241-026,/Script/Engine.Actor,20a6180b5e75b0814a077c70b90e6a07,139,139,140,0,,composite_assembly,zhhz.fixed_wing_aircraft,固定翼航空器,航空展馆/固定翼航空器,confirmed,create_experimental,reviewed Datasmith handle=231401; selection_source=candidate
assembly_signature:214d6cf824ba1fe452df9b8d394df12d,1,PL-10E001,ToMigrateAudit,/Game/AVIC_Show/Art/A03_ParkLevel/0713/Geometries/PL10E003.PL10E003,/Script/Engine.Actor,214d6cf824ba1fe452df9b8d394df12d,1,1,2,0,,,zhhz.aviation_weapon,航空武器/弹药,航空展馆/航空武器与弹药,confirmed,create_experimental,reviewed Datasmith handle=445164; selection_source=candidate
assembly_signature:21ed842987f455cc52ee78fa846cd463,1,LD-15-5,ToMigrateAudit,/Game/AVIC_Show/Art/A03_ParkLevel/0713/Geometries/Cylinder32237243.Cylinder32237243,/Script/Engine.Actor,21ed842987f455cc52ee78fa846cd463,11,11,12,0,,composite_assembly,zhhz.aviation_weapon,航空武器/弹药,航空展馆/航空武器与弹药,confirmed,create_experimental,reviewed Datasmith handle=156974; selection_source=candidate
assembly_signature:222f3b09472b732eae21c23d902945ef,1,PL-108,ToMigrateAudit,/Game/AVIC_Show/Art/A03_ParkLevel/0713/Geometries/Sphere5908.Sphere5908,/Script/Engine.Actor,222f3b09472b732eae21c23d902945ef,6,6,7,0,,composite_assembly,zhhz.aviation_weapon,航空武器/弹药,航空展馆/航空武器与弹药,confirmed,create_experimental,reviewed Datasmith handle=467825; selection_source=candidate
assembly_signature:2414d793007c64a2c0db9ca059ca0fa2,1,TY-20I,ToMigrateAudit,/Game/AVIC_Show/Art/A03_ParkLevel/0713/Geometries/Cylinder32241846.Cylinder32241846,/Script/Engine.Actor,2414d793007c64a2c0db9ca059ca0fa2,10,10,11,0,,composite_assembly,zhhz.aviation_weapon,航空武器/弹药,航空展馆/航空武器与弹药,confirmed,create_experimental,reviewed Datasmith handle=648532; selection_source=candidate
assembly_signature:250d083e92890bfa0ff6e7217a704724,1,H6J,ToMigrateAudit,/Game/AVIC_Show/Art/A03_ParkLevel/0713/Geometries/H6K_002.H6K_002,/Script/Engine.Actor,250d083e92890bfa0ff6e7217a704724,1,1,2,0,,,zhhz.fixed_wing_aircraft,固定翼航空器,航空展馆/固定翼航空器,confirmed,create_experimental,reviewed Datasmith handle=393984; selection_source=candidate
assembly_signature:27144b7582fd181fd51172759d925ec5,1,Kj-511,ToMigrateAudit,/Game/AVIC_Show/Art/A03_ParkLevel/0713/Geometries/对象2418357.对象2418357,/Script/Engine.Actor,27144b7582fd181fd51172759d925ec5,6,6,7,0,,composite_assembly,zhhz.fixed_wing_aircraft,固定翼航空器,航空展馆/固定翼航空器,confirmed,create_experimental,reviewed Datasmith handle=152877; selection_source=candidate
assembly_signature:2875b02f55cb37f3cffe6e1321e90714,1,WL-6,ToMigrateAudit,/Game/AVIC_Show/Art/A03_ParkLevel/0713/Geometries/3d66-Editable_Poly-23674910-005.3d66-Editable_Poly-23674910-005,/Script/Engine.Actor,2875b02f55cb37f3cffe6e1321e90714,17,17,18,0,,composite_assembly,zhhz.unmanned_new_aircraft,无人/新型航空器,航空展馆/无人及新型航空器,confirmed,create_experimental,reviewed Datasmith handle=414430; selection_source=candidate
assembly_signature:29b62a2d06a58b5ee0a28fd41442fa02,1,Z-9ME002,ToMigrateAudit,/Game/AVIC_Show/Art/A03_ParkLevel/0713/Geometries/Obj3d66-8630057-55-742.Obj3d66-8630057-55-742,/Script/Engine.Actor,29b62a2d06a58b5ee0a28fd41442fa02,15,15,16,0,,composite_assembly,zhhz.rotorcraft,旋翼航空器,航空展馆/旋翼航空器,confirmed,create_experimental,reviewed Datasmith handle=619785; selection_source=candidate
assembly_signature:2acead3d4252841631ab3455202fe3c6,1,定向对抗设备,ToMigrateAudit,/Game/AVIC_Show/Art/A03_ParkLevel/0713/Geometries/Sphere4004.Sphere4004,/Script/Engine.Actor,2acead3d4252841631ab3455202fe3c6,7,7,8,0,,composite_assembly,zhhz.avionics_sensor,航电/传感器/对抗设备,航空展馆/航电、传感器与对抗设备,confirmed,create_experimental,reviewed Datasmith handle=570673; selection_source=candidate
assembly_signature:2c3236b585fc7341dba6ac95833df924,1,TY-20R,ToMigrateAudit,/Game/AVIC_Show/Art/A03_ParkLevel/0713/Geometries/Line2029257095.Line2029257095,/Script/Engine.Actor,2c3236b585fc7341dba6ac95833df924,10,10,11,0,,composite_assembly,zhhz.aviation_weapon,航空武器/弹药,航空展馆/航空武器与弹药,confirmed,create_experimental,reviewed Datasmith handle=38189; selection_source=candidate
assembly_signature:2ca207d9c5504472ed9d851f9efa068a,1,WL-3_X_001,ToMigrateAudit,/Game/AVIC_Show/Art/A03_ParkLevel/0713/Geometries/Surface_9094.Surface_9094,/Script/Engine.Actor,2ca207d9c5504472ed9d851f9efa068a,149,149,150,0,,composite_assembly,zhhz.unmanned_new_aircraft,无人/新型航空器,航空展馆/无人及新型航空器,confirmed,create_experimental,reviewed Datasmith handle=565799; selection_source=candidate
assembly_signature:30407e60b725bbd0a0504af0fb16c21b,1,WL-10A,ToMigrateAudit,/Game/AVIC_Show/Art/A03_ParkLevel/0713/Geometries/Obj3d66-17473013-10-716.Obj3d66-17473013-10-716,/Script/Engine.Actor,30407e60b725bbd0a0504af0fb16c21b,20,20,21,0,,composite_assembly,zhhz.unmanned_new_aircraft,无人/新型航空器,航空展馆/无人及新型航空器,confirmed,create_experimental,reviewed Datasmith handle=414391; selection_source=candidate
assembly_signature:30e8fad3c09edeaf57cef73eeb3359ea,1,触控显示屏004,ToMigrateAudit,/Game/AVIC_Show/Art/A03_ParkLevel/0713/Geometries/Obj3d66-705810-22-973.Obj3d66-705810-22-973,/Script/Engine.Actor,30e8fad3c09edeaf57cef73eeb3359ea,2,2,3,0,,composite_assembly,zhhz.display_control_terminal,触控与操作终端,航空展馆/触控与操作终端,confirmed,create_experimental,reviewed Datasmith handle=539604; selection_source=candidate
assembly_signature:31eb96249fd4d71c739b95d0a070d4be,1,J-021,ToMigrateAudit,/Game/AVIC_Show/Art/A03_ParkLevel/0713/Geometries/3d66-Editable_mesh-20139266-018.3d66-Editable_mesh-20139266-018,/Script/Engine.Actor,31eb96249fd4d71c739b95d0a070d4be,15,15,18,0,,composite_assembly,zhhz.fixed_wing_aircraft,固定翼航空器,航空展馆/固定翼航空器,confirmed,create_experimental,reviewed Datasmith handle=609270; selection_source=candidate
assembly_signature:336c535671e1d036f18d7747e2100d7c,1,民用数字化屏显座舱展项,ToMigrateAudit,/Game/AVIC_Show/Art/A03_ParkLevel/0713/Geometries/Box2131643364.Box2131643364,/Script/Engine.Actor,336c535671e1d036f18d7747e2100d7c,42,42,76,0,,composite_assembly,zhhz.cockpit_simulator,座舱/模拟训练系统,航空展馆/座舱与模拟训练系统,confirmed,create_experimental,reviewed Datasmith handle=359335; selection_source=candidate
assembly_signature:34aca4e78aad11a0dc39a3da6e2cffb9,1,Y-9电子侦察,ToMigrateAudit,/Game/AVIC_Show/Art/A03_ParkLevel/0713/Geometries/对象2419233.对象2419233,/Script/Engine.Actor,34aca4e78aad11a0dc39a3da6e2cffb9,6,6,7,0,,composite_assembly,zhhz.fixed_wing_aircraft,固定翼航空器,航空展馆/固定翼航空器,confirmed,create_experimental,reviewed Datasmith handle=393986; selection_source=candidate
assembly_signature:3626585dd542077ead2f4c9e3dee7e91,1,Z-20J,ToMigrateAudit,/Game/AVIC_Show/Art/A03_ParkLevel/0713/Geometries/驾驶舱004.驾驶舱004,/Script/Engine.Actor,3626585dd542077ead2f4c9e3dee7e91,6,6,7,0,,composite_assembly,zhhz.rotorcraft,旋翼航空器,航空展馆/旋翼航空器,confirmed,create_experimental,reviewed Datasmith handle=111943; selection_source=candidate
assembly_signature:37ebbc9cfedf59591b4b250413b43d05,1,WZ-7,ToMigrateAudit,/Game/AVIC_Show/Art/A03_ParkLevel/0713/Geometries/左翼.左翼,/Script/Engine.Actor,37ebbc9cfedf59591b4b250413b43d05,8,8,9,0,,composite_assembly,zhhz.unmanned_new_aircraft,无人/新型航空器,航空展馆/无人及新型航空器,confirmed,create_experimental,reviewed Datasmith handle=77068; selection_source=candidate
assembly_signature:37f607e4d7e29fdfc869038ae13c691a,1,Z-20F,ToMigrateAudit,/Game/AVIC_Show/Art/A03_ParkLevel/0713/Geometries/配件006.配件006,/Script/Engine.Actor,37f607e4d7e29fdfc869038ae13c691a,6,6,7,0,,composite_assembly,zhhz.rotorcraft,旋翼航空器,航空展馆/旋翼航空器,confirmed,create_experimental,reviewed Datasmith handle=394001; selection_source=candidate
assembly_signature:39643b3e69504ae00c449c232c966e3a,1,JH-7E,ToMigrateAudit,/Game/AVIC_Show/Art/A03_ParkLevel/0713/Geometries/3d66-Editable_mesh-22928770-130.3d66-Editable_mesh-22928770-130,/Script/Engine.Actor,39643b3e69504ae00c449c232c966e3a,77,77,78,0,,composite_assembly,zhhz.fixed_wing_aircraft,固定翼航空器,航空展馆/固定翼航空器,confirmed,create_experimental,reviewed Datasmith handle=400224; selection_source=candidate
assembly_signature:426f8ceb58fc3d8beb74e996eefffee6,1,AR500C002,ToMigrateAudit,/Game/AVIC_Show/Art/A03_ParkLevel/0713/Geometries/NONE028_SAFE.NONE028_SAFE,/Script/Engine.Actor,426f8ceb58fc3d8beb74e996eefffee6,24,24,33,0,,composite_assembly,zhhz.unmanned_new_aircraft,无人/新型航空器,航空展馆/无人及新型航空器,confirmed,create_experimental,reviewed Datasmith handle=100877; selection_source=supplemental
assembly_signature:43826ad3baec66c98cfc658ac6d5b351,1,触控显示屏003,ToMigrateAudit,/Game/AVIC_Show/Art/A03_ParkLevel/0713/Geometries/Obj3d66-705810-17-477.Obj3d66-705810-17-477,/Script/Engine.Actor,43826ad3baec66c98cfc658ac6d5b351,2,2,3,0,,composite_assembly,zhhz.display_control_terminal,触控与操作终端,航空展馆/触控与操作终端,confirmed,create_experimental,reviewed Datasmith handle=539601; selection_source=candidate
assembly_signature:439f09aac12f2466ebb13c3302abe993,1,Y-12E008,ToMigrateAudit,/Game/AVIC_Show/Art/A03_ParkLevel/0713/Geometries/Object10129404.Object10129404,/Script/Engine.Actor,439f09aac12f2466ebb13c3302abe993,7,7,10,0,,composite_assembly,zhhz.fixed_wing_aircraft,固定翼航空器,航空展馆/固定翼航空器,confirmed,create_experimental,reviewed Datasmith handle=458506; selection_source=candidate
assembly_signature:4546f3ac3e968c98fdbdbbc273d5c34c,1,运-20F100,ToMigrateAudit,/Game/AVIC_Show/Art/A03_ParkLevel/0713/Geometries/Box2063601145.Box2063601145,/Script/Engine.Actor,4546f3ac3e968c98fdbdbbc273d5c34c,4,4,5,0,,composite_assembly,zhhz.fixed_wing_aircraft,固定翼航空器,航空展馆/固定翼航空器,confirmed,create_experimental,reviewed Datasmith handle=139352; selection_source=candidate
assembly_signature:47c17699f69a4e2e1efc2b527cf0c845,1,鹮影60,ToMigrateAudit,/Game/AVIC_Show/Art/A03_ParkLevel/0713/Geometries/对象2419268.对象2419268,/Script/Engine.Actor,47c17699f69a4e2e1efc2b527cf0c845,6,6,7,0,,composite_assembly,zhhz.unmanned_new_aircraft,无人/新型航空器,航空展馆/无人及新型航空器,confirmed,create_experimental,reviewed Datasmith handle=582612; selection_source=candidate
assembly_signature:491ef1e5aae40dccc84bf5fc9a46ca47,1,AC523,ToMigrateAudit,/Game/AVIC_Show/Art/A03_ParkLevel/0713/Geometries/Obj3d66-781522-1-243.Obj3d66-781522-1-243,/Script/Engine.Actor,491ef1e5aae40dccc84bf5fc9a46ca47,4,4,5,0,,composite_assembly,zhhz.rotorcraft,旋翼航空器,航空展馆/旋翼航空器,confirmed,create_experimental,reviewed Datasmith handle=581058; selection_source=candidate
assembly_signature:4d62426bd91a835cbc94fec9cc23ff24,1,ZB__K-8,ToMigrateAudit,/Game/AVIC_Show/Art/A03_ParkLevel/0713/Geometries/Object4906.Object4906,/Script/Engine.Actor,4d62426bd91a835cbc94fec9cc23ff24,80,80,81,0,,composite_assembly,zhhz.fixed_wing_aircraft,固定翼航空器,航空展馆/固定翼航空器,confirmed,create_experimental,reviewed Datasmith handle=38265; selection_source=candidate
assembly_signature:4d7a24bf6c98fd424f685b59cc961676,1,607-J20,ToMigrateAudit,/Game/AVIC_Show/Art/A03_ParkLevel/0713/Geometries/Obj_000035.Obj_000035,/Script/Engine.Actor,4d7a24bf6c98fd424f685b59cc961676,195,195,196,0,,composite_assembly,zhhz.fixed_wing_aircraft,固定翼航空器,航空展馆/固定翼航空器,confirmed,create_experimental,reviewed Datasmith handle=212066; selection_source=candidate
assembly_signature:504eb09cdcac0dc6d9ad5c24d8d4c19f,1,AC_313_A002,ToMigrateAudit,/Game/AVIC_Show/Art/A03_ParkLevel/0713/Geometries/对象2417723.对象2417723,/Script/Engine.Actor,504eb09cdcac0dc6d9ad5c24d8d4c19f,59,59,67,0,,composite_assembly,zhhz.rotorcraft,旋翼航空器,航空展馆/旋翼航空器,confirmed,create_experimental,reviewed Datasmith handle=142505; selection_source=supplemental
assembly_signature:5092e6b46cdec69787b58c9057ce0d68,1,TL-20,ToMigrateAudit,/Game/AVIC_Show/Art/A03_ParkLevel/0713/Geometries/Cylinder32241779.Cylinder32241779,/Script/Engine.Actor,5092e6b46cdec69787b58c9057ce0d68,12,12,14,0,,composite_assembly,zhhz.aviation_weapon,航空武器/弹药,航空展馆/航空武器与弹药,confirmed,create_experimental,reviewed Datasmith handle=467841; selection_source=candidate
assembly_signature:56c67c7db36d973c135a2c0e0943f70b,1,LD-8B,ToMigrateAudit,/Game/AVIC_Show/Art/A03_ParkLevel/0713/Geometries/Line2144964035.Line2144964035,/Script/Engine.Actor,56c67c7db36d973c135a2c0e0943f70b,10,10,11,0,,composite_assembly,zhhz.aviation_weapon,航空武器/弹药,航空展馆/航空武器与弹药,confirmed,create_experimental,reviewed Datasmith handle=467790; selection_source=candidate
assembly_signature:58551fc496cd057cc557dd259a803f95,1,PL-10E,ToMigrateAudit,/Game/AVIC_Show/Art/A03_ParkLevel/0713/Geometries/PL10E004.PL10E004,/Script/Engine.Actor,58551fc496cd057cc557dd259a803f95,1,1,2,0,,,zhhz.aviation_weapon,航空武器/弹药,航空展馆/航空武器与弹药,confirmed,create_experimental,reviewed Datasmith handle=467826; selection_source=candidate
assembly_signature:5912a9313638bfc7fdc3c4b2be980856,1,KJ-500H,ToMigrateAudit,/Game/AVIC_Show/Art/A03_ParkLevel/0713/Geometries/对象2418280.对象2418280,/Script/Engine.Actor,5912a9313638bfc7fdc3c4b2be980856,6,6,7,0,,composite_assembly,zhhz.fixed_wing_aircraft,固定翼航空器,航空展馆/固定翼航空器,confirmed,create_experimental,reviewed Datasmith handle=130203; selection_source=candidate
assembly_signature:5c27d1a6e213a107d9353427214f43cd,1,AC332,ToMigrateAudit,/Game/AVIC_Show/Art/A03_ParkLevel/0713/Geometries/AC332_LXJ04.AC332_LXJ04,/Script/Engine.Actor,5c27d1a6e213a107d9353427214f43cd,34,34,35,0,,composite_assembly,zhhz.rotorcraft,旋翼航空器,航空展馆/旋翼航空器,confirmed,create_experimental,reviewed Datasmith handle=142441; selection_source=candidate
assembly_signature:5cd730399d73178eb205367e08dd351a,1,触控显示屏007,ToMigrateAudit,/Game/AVIC_Show/Art/A03_ParkLevel/0713/Geometries/Obj3d66-705810-17-481.Obj3d66-705810-17-481,/Script/Engine.Actor,5cd730399d73178eb205367e08dd351a,2,2,3,0,,composite_assembly,zhhz.display_control_terminal,触控与操作终端,航空展馆/触控与操作终端,confirmed,create_experimental,reviewed Datasmith handle=539613; selection_source=candidate
assembly_signature:5e3b1d7c2d1c53d691b63cdfb4f0657d,1,触控显示屏005,ToMigrateAudit,/Game/AVIC_Show/Art/A03_ParkLevel/0713/Geometries/Obj3d66-705810-17-479.Obj3d66-705810-17-479,/Script/Engine.Actor,5e3b1d7c2d1c53d691b63cdfb4f0657d,2,2,3,0,,composite_assembly,zhhz.display_control_terminal,触控与操作终端,航空展馆/触控与操作终端,confirmed,create_experimental,reviewed Datasmith handle=539607; selection_source=candidate
assembly_signature:5e899719bec6e62dac7585272218cc1d,1,触控显示屏014,ToMigrateAudit,/Game/AVIC_Show/Art/A03_ParkLevel/0713/Geometries/Obj3d66-705810-22-983.Obj3d66-705810-22-983,/Script/Engine.Actor,5e899719bec6e62dac7585272218cc1d,2,2,3,0,,composite_assembly,zhhz.display_control_terminal,触控与操作终端,航空展馆/触控与操作终端,confirmed,create_experimental,reviewed Datasmith handle=673530; selection_source=candidate
assembly_signature:629c5834621af486d776569884517084,1,九天_多用途无人母鸡_,ToMigrateAudit,/Game/AVIC_Show/Art/A03_ParkLevel/0713/Geometries/d031.d031,/Script/Engine.Actor,629c5834621af486d776569884517084,17,17,20,0,,composite_assembly,zhhz.unmanned_new_aircraft,无人/新型航空器,航空展馆/无人及新型航空器,confirmed,create_experimental,reviewed Datasmith handle=260170; selection_source=candidate
assembly_signature:6376cb58c3e5d87505ae73d0772e7439,1,LD-8A001,ToMigrateAudit,/Game/AVIC_Show/Art/A03_ParkLevel/0713/Geometries/Line2144963963.Line2144963963,/Script/Engine.Actor,6376cb58c3e5d87505ae73d0772e7439,10,10,11,0,,composite_assembly,zhhz.aviation_weapon,航空武器/弹药,航空展馆/航空武器与弹药,confirmed,create_experimental,reviewed Datasmith handle=445155; selection_source=candidate
assembly_signature:643edd0f21e76be4f0a4ba09c6e27651,1,光电告警设备,ToMigrateAudit,/Game/AVIC_Show/Art/A03_ParkLevel/0713/Geometries/Rectangle2106822201.Rectangle2106822201,/Script/Engine.Actor,643edd0f21e76be4f0a4ba09c6e27651,12,12,13,0,,composite_assembly,zhhz.avionics_sensor,航电/传感器/对抗设备,航空展馆/航电、传感器与对抗设备,confirmed,create_experimental,reviewed Datasmith handle=570660; selection_source=candidate
assembly_signature:68b8f4fc784d4c886706aab8d089ed57,1,Z-11EB,ToMigrateAudit,/Game/AVIC_Show/Art/A03_ParkLevel/0713/Geometries/3d66-Editable_mesh-23121775-040.3d66-Editable_mesh-23121775-040,/Script/Engine.Actor,68b8f4fc784d4c886706aab8d089ed57,75,75,92,0,,composite_assembly,zhhz.rotorcraft,旋翼航空器,航空展馆/旋翼航空器,confirmed,create_experimental,reviewed Datasmith handle=384527; selection_source=candidate
assembly_signature:6bacf992c213c29f943b7efa4270da74,1,客舱系统,ToMigrateAudit,/Game/AVIC_Show/Art/A03_ParkLevel/0713/Geometries/Obj3d66-10466134-43-654.Obj3d66-10466134-43-654,/Script/Engine.Actor,6bacf992c213c29f943b7efa4270da74,153,153,165,0,,composite_assembly,zhhz.cockpit_simulator,座舱/模拟训练系统,航空展馆/座舱与模拟训练系统,confirmed,create_experimental,reviewed Datasmith handle=533267; selection_source=supplemental
assembly_signature:6c84e79d40d45a7f8f4b105d1280f78e,1,Z-18F,ToMigrateAudit,/Game/AVIC_Show/Art/A03_ParkLevel/0713/Geometries/Torus1354.Torus1354,/Script/Engine.Actor,6c84e79d40d45a7f8f4b105d1280f78e,15,15,16,0,,composite_assembly,zhhz.rotorcraft,旋翼航空器,航空展馆/旋翼航空器,confirmed,create_experimental,reviewed Datasmith handle=101798; selection_source=candidate
assembly_signature:6d15973c8bbd49a56405839359bc7b68,1,PL-5DE,ToMigrateAudit,/Game/AVIC_Show/Art/A03_ParkLevel/0713/Geometries/PL5E002.PL5E002,/Script/Engine.Actor,6d15973c8bbd49a56405839359bc7b68,1,1,2,0,,,zhhz.aviation_weapon,航空武器/弹药,航空展馆/航空武器与弹药,confirmed,create_experimental,reviewed Datasmith handle=467829; selection_source=candidate
assembly_signature:6e768434183860091aa0128edac3d56c,1,eVTOL综合航电,ToMigrateAudit,/Game/AVIC_Show/Art/A03_ParkLevel/0713/Geometries/Box2131643814.Box2131643814,/Script/Engine.Actor,6e768434183860091aa0128edac3d56c,11,11,13,0,,composite_assembly,zhhz.avionics_sensor,航电/传感器/对抗设备,航空展馆/航电、传感器与对抗设备,confirmed,create_experimental,reviewed Datasmith handle=659217; selection_source=candidate
assembly_signature:703566aa8adac7b921db8773a5451bef,1,J-15T,ToMigrateAudit,/Game/AVIC_Show/Art/A03_ParkLevel/0713/Geometries/歼十五-左后起落架舱门前段003.歼十五-左后起落架舱门前段003,/Script/Engine.Actor,703566aa8adac7b921db8773a5451bef,58,58,59,0,,composite_assembly,zhhz.fixed_wing_aircraft,固定翼航空器,航空展馆/固定翼航空器,confirmed,create_experimental,reviewed Datasmith handle=345334; selection_source=candidate
assembly_signature:71087d041035248cf023a96d395b07b1,1,MA702,ToMigrateAudit,/Game/AVIC_Show/Art/A03_ParkLevel/0713/Geometries/dengjimen007.dengjimen007,/Script/Engine.Actor,71087d041035248cf023a96d395b07b1,106,106,111,0,,composite_assembly,zhhz.fixed_wing_aircraft,固定翼航空器,航空展馆/固定翼航空器,confirmed,create_experimental,reviewed Datasmith handle=419029; selection_source=supplemental
assembly_signature:71175d842b70c6d8f652345b7b3707a9,1,翼龙-10H003,ToMigrateAudit,/Game/AVIC_Show/Art/A03_ParkLevel/0713/Geometries/CGBLUE制作0039模型005.CGBLUE制作0039模型005,/Script/Engine.Actor,71175d842b70c6d8f652345b7b3707a9,65,65,75,0,,composite_assembly,zhhz.unmanned_new_aircraft,无人/新型航空器,航空展馆/无人及新型航空器,confirmed,create_experimental,reviewed Datasmith handle=194115; selection_source=supplemental
assembly_signature:716dda1347750b03cafdbbf8b20fc29c,1,教-7,ToMigrateAudit,/Game/AVIC_Show/Art/A03_ParkLevel/0713/Geometries/Obj3d66-13647842-10-452.Obj3d66-13647842-10-452,/Script/Engine.Actor,716dda1347750b03cafdbbf8b20fc29c,32,32,34,0,,composite_assembly,zhhz.fixed_wing_aircraft,固定翼航空器,航空展馆/固定翼航空器,confirmed,create_experimental,reviewed Datasmith handle=257865; selection_source=candidate
assembly_signature:7194a14ca0e79122de88c1493e238051,1,光剑21A_B,ToMigrateAudit,/Game/AVIC_Show/Art/A03_ParkLevel/0713/Geometries/3d66-Editable_Poly-24615738-002.3d66-Editable_Poly-24615738-002,/Script/Engine.Actor,7194a14ca0e79122de88c1493e238051,19,19,21,0,,composite_assembly,zhhz.aviation_weapon,航空武器/弹药,航空展馆/航空武器与弹药,confirmed,create_experimental,reviewed Datasmith handle=554154; selection_source=candidate
assembly_signature:75c118b0c1b971dac75d5d38bdf3f00b,1,Y-9反潜巡逻,ToMigrateAudit,/Game/AVIC_Show/Art/A03_ParkLevel/0713/Geometries/对象2417993.对象2417993,/Script/Engine.Actor,75c118b0c1b971dac75d5d38bdf3f00b,7,7,8,0,,composite_assembly,zhhz.fixed_wing_aircraft,固定翼航空器,航空展馆/固定翼航空器,confirmed,create_experimental,reviewed Datasmith handle=102922; selection_source=candidate
assembly_signature:7764fe34bf22ae0619708af66d4d24d3,1,LD-15-052,ToMigrateAudit,/Game/AVIC_Show/Art/A03_ParkLevel/0713/Geometries/Cylinder32241663.Cylinder32241663,/Script/Engine.Actor,7764fe34bf22ae0619708af66d4d24d3,12,12,13,0,,composite_assembly,zhhz.aviation_weapon,航空武器/弹药,航空展馆/航空武器与弹药,confirmed,create_experimental,reviewed Datasmith handle=231407; selection_source=candidate
assembly_signature:78d8ca19c3e1982f30f9ed2d9b52c528,1,触控显示屏002,ToMigrateAudit,/Game/AVIC_Show/Art/A03_ParkLevel/0713/Geometries/Obj3d66-705810-22-971.Obj3d66-705810-22-971,/Script/Engine.Actor,78d8ca19c3e1982f30f9ed2d9b52c528,2,2,3,0,,composite_assembly,zhhz.display_control_terminal,触控与操作终端,航空展馆/触控与操作终端,confirmed,create_experimental,reviewed Datasmith handle=539598; selection_source=candidate
assembly_signature:7bc4218caa7614df69816db9292d0a8b,1,LD-15-10,ToMigrateAudit,/Game/AVIC_Show/Art/A03_ParkLevel/0713/Geometries/Line2144961504.Line2144961504,/Script/Engine.Actor,7bc4218caa7614df69816db9292d0a8b,11,11,12,0,,composite_assembly,zhhz.aviation_weapon,航空武器/弹药,航空展馆/航空武器与弹药,confirmed,create_experimental,reviewed Datasmith handle=156962; selection_source=candidate
assembly_signature:7cdce394bdddc82298b641ae628e57b4,1,Z-20T,ToMigrateAudit,/Game/AVIC_Show/Art/A03_ParkLevel/0713/Geometries/waike005.waike005,/Script/Engine.Actor,7cdce394bdddc82298b641ae628e57b4,6,6,7,0,,composite_assembly,zhhz.rotorcraft,旋翼航空器,航空展馆/旋翼航空器,confirmed,create_experimental,reviewed Datasmith handle=393998; selection_source=candidate
assembly_signature:7d3f5d1d8752da5c7ba3cbadf55b8e88,1,PL-10E003,ToMigrateAudit,/Game/AVIC_Show/Art/A03_ParkLevel/0713/Geometries/PL10E005.PL10E005,/Script/Engine.Actor,7d3f5d1d8752da5c7ba3cbadf55b8e88,1,1,2,0,,,zhhz.aviation_weapon,航空武器/弹药,航空展馆/航空武器与弹药,confirmed,create_experimental,reviewed Datasmith handle=647740; selection_source=candidate
assembly_signature:7e84438bfb2653615d7610ac794814fa,1,KJ-602,ToMigrateAudit,/Game/AVIC_Show/Art/A03_ParkLevel/0713/Geometries/3d66-Editable_mesh-22885241-418.3d66-Editable_mesh-22885241-418,/Script/Engine.Actor,7e84438bfb2653615d7610ac794814fa,138,138,139,0,,composite_assembly,zhhz.fixed_wing_aircraft,固定翼航空器,航空展馆/固定翼航空器,confirmed,create_experimental,reviewed Datasmith handle=609824; selection_source=candidate
assembly_signature:82a8b76e345c94b3704f632fdc04ecec,1,先进直升机飞控系统综合展示座舱,ToMigrateAudit,/Game/AVIC_Show/Art/A03_ParkLevel/0713/Geometries/Arc561.Arc561,/Script/Engine.Actor,82a8b76e345c94b3704f632fdc04ecec,33,33,38,0,,composite_assembly,zhhz.cockpit_simulator,座舱/模拟训练系统,航空展馆/座舱与模拟训练系统,confirmed,create_experimental,reviewed Datasmith handle=211982; selection_source=candidate
assembly_signature:838d66598167e0da7a51dc4e23d61501,1,Z-19,ToMigrateAudit,/Game/AVIC_Show/Art/A03_ParkLevel/0713/Geometries/Obj3d66-867246-6-761.Obj3d66-867246-6-761,/Script/Engine.Actor,838d66598167e0da7a51dc4e23d61501,10,10,11,0,,composite_assembly,zhhz.rotorcraft,旋翼航空器,航空展馆/旋翼航空器,confirmed,create_experimental,reviewed Datasmith handle=1671; selection_source=candidate
assembly_signature:83fa8ca8ad0b0f9ab7f21c9211830c72,1,某光电吊舱,ToMigrateAudit,/Game/AVIC_Show/Art/A03_ParkLevel/0713/Geometries/3d66-Editable_mesh-23121775-083.3d66-Editable_mesh-23121775-083,/Script/Engine.Actor,83fa8ca8ad0b0f9ab7f21c9211830c72,4,4,5,0,,composite_assembly,zhhz.avionics_sensor,航电/传感器/对抗设备,航空展馆/航电、传感器与对抗设备,confirmed,create_experimental,reviewed Datasmith handle=612103; selection_source=candidate
assembly_signature:84fda6bfe8ebb48aa944ceb415bae03b,1,J-022,ToMigrateAudit,/Game/AVIC_Show/Art/A03_ParkLevel/0713/Geometries/3d66-Editable_mesh-20139266-031.3d66-Editable_mesh-20139266-031,/Script/Engine.Actor,84fda6bfe8ebb48aa944ceb415bae03b,15,15,18,0,,composite_assembly,zhhz.fixed_wing_aircraft,固定翼航空器,航空展馆/固定翼航空器,confirmed,create_experimental,reviewed Datasmith handle=635346; selection_source=candidate
assembly_signature:861852442bd6024084b5fd39d7f271b8,1,XG-E800,ToMigrateAudit,/Game/AVIC_Show/Art/A03_ParkLevel/0713/Geometries/对象2419262.对象2419262,/Script/Engine.Actor,861852442bd6024084b5fd39d7f271b8,7,7,8,0,,composite_assembly,zhhz.unmanned_new_aircraft,无人/新型航空器,航空展馆/无人及新型航空器,confirmed,create_experimental,reviewed Datasmith handle=581050; selection_source=candidate
assembly_signature:873032ed497e2f2dbcda674d3a916240,1,LS-6-522,ToMigrateAudit,/Game/AVIC_Show/Art/A03_ParkLevel/0713/Geometries/Sphere5918.Sphere5918,/Script/Engine.Actor,873032ed497e2f2dbcda674d3a916240,13,13,15,0,,composite_assembly,zhhz.aviation_weapon,航空武器/弹药,航空展馆/航空武器与弹药,confirmed,create_experimental,reviewed Datasmith handle=649339; selection_source=candidate
assembly_signature:888774cb51dba41e5a4a8cb1ea1058d7,1,触控显示屏010,ToMigrateAudit,/Game/AVIC_Show/Art/A03_ParkLevel/0713/Geometries/Obj3d66-705810-22-979.Obj3d66-705810-22-979,/Script/Engine.Actor,888774cb51dba41e5a4a8cb1ea1058d7,2,2,3,0,,composite_assembly,zhhz.display_control_terminal,触控与操作终端,航空展馆/触控与操作终端,confirmed,create_experimental,reviewed Datasmith handle=539622; selection_source=candidate
assembly_signature:8ab7304aff0578c899a801ef23e32496,1,LD-8A003,ToMigrateAudit,/Game/AVIC_Show/Art/A03_ParkLevel/0713/Geometries/Line2144964150.Line2144964150,/Script/Engine.Actor,8ab7304aff0578c899a801ef23e32496,10,10,11,0,,composite_assembly,zhhz.aviation_weapon,航空武器/弹药,航空展馆/航空武器与弹药,confirmed,create_experimental,reviewed Datasmith handle=647731; selection_source=candidate
assembly_signature:8d3c74bec56833c439f5ec85999cc3de,1,新舟搜救机,ToMigrateAudit,/Game/AVIC_Show/Art/A03_ParkLevel/0713/Geometries/lun_tai038.lun_tai038,/Script/Engine.Actor,8d3c74bec56833c439f5ec85999cc3de,106,106,111,0,,composite_assembly,zhhz.fixed_wing_aircraft,固定翼航空器,航空展馆/固定翼航空器,confirmed,create_experimental,reviewed Datasmith handle=142707; selection_source=supplemental
assembly_signature:9274f17120c6faf661e5fad4c1f2c0a6,1,Z-8C,ToMigrateAudit,/Game/AVIC_Show/Art/A03_ParkLevel/0713/Geometries/s76hull107.s76hull107,/Script/Engine.Actor,9274f17120c6faf661e5fad4c1f2c0a6,15,15,16,0,,composite_assembly,zhhz.rotorcraft,旋翼航空器,航空展馆/旋翼航空器,confirmed,create_experimental,reviewed Datasmith handle=69551; selection_source=candidate
assembly_signature:9652abd5040da5ce89638c37f58edc7d,1,H6K,ToMigrateAudit,/Game/AVIC_Show/Art/A03_ParkLevel/0713/Geometries/H6K_001.H6K_001,/Script/Engine.Actor,9652abd5040da5ce89638c37f58edc7d,1,1,2,0,,,zhhz.fixed_wing_aircraft,固定翼航空器,航空展馆/固定翼航空器,confirmed,create_experimental,reviewed Datasmith handle=393985; selection_source=candidate
assembly_signature:998617590e857106a7bfb8ce735d0063,1,AC519,ToMigrateAudit,/Game/AVIC_Show/Art/A03_ParkLevel/0713/Geometries/Obj3d66-781522-1-242.Obj3d66-781522-1-242,/Script/Engine.Actor,998617590e857106a7bfb8ce735d0063,4,4,5,0,,composite_assembly,zhhz.rotorcraft,旋翼航空器,航空展馆/旋翼航空器,confirmed,create_experimental,reviewed Datasmith handle=139475; selection_source=candidate
assembly_signature:9a46317b5624bff4bdb30abef5eb3066,1,PL-12AE001,ToMigrateAudit,/Game/AVIC_Show/Art/A03_ParkLevel/0713/Geometries/PL020.PL020,/Script/Engine.Actor,9a46317b5624bff4bdb30abef5eb3066,1,1,2,0,,,zhhz.aviation_weapon,航空武器/弹药,航空展馆/航空武器与弹药,confirmed,create_experimental,reviewed Datasmith handle=445165; selection_source=candidate
assembly_signature:9b5691a847cc781fcfa1d1b81f00495f,1,WL-10B001,ToMigrateAudit,/Game/AVIC_Show/Art/A03_ParkLevel/0713/Geometries/Obj3d66-17473013-12-868.Obj3d66-17473013-12-868,/Script/Engine.Actor,9b5691a847cc781fcfa1d1b81f00495f,20,20,21,0,,composite_assembly,zhhz.unmanned_new_aircraft,无人/新型航空器,航空展馆/无人及新型航空器,confirmed,create_experimental,reviewed Datasmith handle=482371; selection_source=candidate
assembly_signature:a122cc1a354cf60e265d3d2e8bd33b59,1,触控显示屏01,ToMigrateAudit,/Game/AVIC_Show/Art/A03_ParkLevel/0713/Geometries/Obj3d66-705810-22-970.Obj3d66-705810-22-970,/Script/Engine.Actor,a122cc1a354cf60e265d3d2e8bd33b59,2,2,3,0,,composite_assembly,zhhz.display_control_terminal,触控与操作终端,航空展馆/触控与操作终端,confirmed,create_experimental,reviewed Datasmith handle=539595; selection_source=candidate
assembly_signature:a36458ef3b6929941804a2751d5ca7b2,1,GJ-11X,ToMigrateAudit,/Game/AVIC_Show/Art/A03_ParkLevel/0713/Geometries/Obj3d66-17427432-7-122.Obj3d66-17427432-7-122,/Script/Engine.Actor,a36458ef3b6929941804a2751d5ca7b2,12,12,13,0,,composite_assembly,zhhz.unmanned_new_aircraft,无人/新型航空器,航空展馆/无人及新型航空器,confirmed,create_experimental,reviewed Datasmith handle=382149; selection_source=candidate
assembly_signature:a462b8625be3f8684b60c4684083fd09,1,夜视夜战吊舱,ToMigrateAudit,/Game/AVIC_Show/Art/A03_ParkLevel/0713/Geometries/ChamferCyl001.ChamferCyl001,/Script/Engine.Actor,a462b8625be3f8684b60c4684083fd09,4,4,5,0,,composite_assembly,zhhz.avionics_sensor,航电/传感器/对抗设备,航空展馆/航电、传感器与对抗设备,confirmed,create_experimental,reviewed Datasmith handle=570688; selection_source=candidate
assembly_signature:a4d572fad6826ecacf1bf9c420e45124,1,YR20A,ToMigrateAudit,/Game/AVIC_Show/Art/A03_ParkLevel/0713/Geometries/3d66-Editable_Poly-22686058-020.3d66-Editable_Poly-22686058-020,/Script/Engine.Actor,a4d572fad6826ecacf1bf9c420e45124,67,67,68,0,,composite_assembly,zhhz.fixed_wing_aircraft,固定翼航空器,航空展馆/固定翼航空器,confirmed,create_experimental,reviewed Datasmith handle=151186; selection_source=candidate
assembly_signature:a695a580b5ec7b49f6ace3e7b6325370,1,WL-2螺旋桨系统,ToMigrateAudit,/Game/AVIC_Show/Art/A03_ParkLevel/0713/Geometries/Object10129417.Object10129417,/Script/Engine.Actor,a695a580b5ec7b49f6ace3e7b6325370,2,2,3,0,,composite_assembly,zhhz.aircraft_component,航空部件/子系统,航空展馆/航空部件与子系统,confirmed,create_experimental,reviewed Datasmith handle=579862; selection_source=candidate
assembly_signature:ab972f6e27d60d2173f1c7938da6cdb3,1,空天飞机那玩意,ToMigrateAudit,/Game/AVIC_Show/Art/A03_ParkLevel/0713/Geometries/Line2144961370.Line2144961370,/Script/Engine.Actor,ab972f6e27d60d2173f1c7938da6cdb3,11,11,13,0,,composite_assembly,zhhz.fixed_wing_aircraft,固定翼航空器,航空展馆/固定翼航空器,confirmed,create_experimental,reviewed Datasmith handle=121818; selection_source=candidate
assembly_signature:ae56b27446d6f81b2db506655c616ed8,1,双模态战斗机,ToMigrateAudit,/Game/AVIC_Show/Art/A03_ParkLevel/0713/Geometries/3d66-Editable_Poly-30130123-001.3d66-Editable_Poly-30130123-001,/Script/Engine.Actor,ae56b27446d6f81b2db506655c616ed8,1,1,2,0,,,zhhz.fixed_wing_aircraft,固定翼航空器,航空展馆/固定翼航空器,confirmed,create_experimental,reviewed Datasmith handle=413340; selection_source=candidate
assembly_signature:b4a4d3ed2258bf5bb714a2c63d6b2e5e,1,J-15T001,ToMigrateAudit,/Game/AVIC_Show/Art/A03_ParkLevel/0713/Geometries/歼十五-左尾喷口004.歼十五-左尾喷口004,/Script/Engine.Actor,b4a4d3ed2258bf5bb714a2c63d6b2e5e,58,58,59,0,,composite_assembly,zhhz.fixed_wing_aircraft,固定翼航空器,航空展馆/固定翼航空器,confirmed,create_experimental,reviewed Datasmith handle=517545; selection_source=candidate
assembly_signature:b5899d452329c8113ba3c2cac5b938ea,1,Z-9WE,ToMigrateAudit,/Game/AVIC_Show/Art/A03_ParkLevel/0713/Geometries/3d66-Editable_mesh-22931883-064.3d66-Editable_mesh-22931883-064,/Script/Engine.Actor,b5899d452329c8113ba3c2cac5b938ea,113,113,130,0,,composite_assembly,zhhz.rotorcraft,旋翼航空器,航空展馆/旋翼航空器,confirmed,create_experimental,reviewed Datasmith handle=487098; selection_source=candidate
assembly_signature:b87f261f0d14723bf5af1ef969cd3859,1,AR-E300A,ToMigrateAudit,/Game/AVIC_Show/Art/A03_ParkLevel/0713/Geometries/对象2419212.对象2419212,/Script/Engine.Actor,b87f261f0d14723bf5af1ef969cd3859,7,7,8,0,,composite_assembly,zhhz.unmanned_new_aircraft,无人/新型航空器,航空展馆/无人及新型航空器,confirmed,create_experimental,reviewed Datasmith handle=161739; selection_source=candidate
assembly_signature:bab34a106c2481fb7f060b23379b2f9d,1,Y-9E,ToMigrateAudit,/Game/AVIC_Show/Art/A03_ParkLevel/0713/Geometries/对象2417798.对象2417798,/Script/Engine.Actor,bab34a106c2481fb7f060b23379b2f9d,6,6,7,0,,composite_assembly,zhhz.fixed_wing_aircraft,固定翼航空器,航空展馆/固定翼航空器,confirmed,create_experimental,reviewed Datasmith handle=75870; selection_source=candidate
assembly_signature:bab3de2d6731a66900031a5fbb8ee479,1,WL-3_X_002,ToMigrateAudit,/Game/AVIC_Show/Art/A03_ParkLevel/0713/Geometries/Surface_11346.Surface_11346,/Script/Engine.Actor,bab3de2d6731a66900031a5fbb8ee479,149,149,150,0,,composite_assembly,zhhz.unmanned_new_aircraft,无人/新型航空器,航空展馆/无人及新型航空器,confirmed,create_experimental,reviewed Datasmith handle=608334; selection_source=candidate
assembly_signature:bc449cc309a6d0ac9542b201def30ca7,1,SD-10A,ToMigrateAudit,/Game/AVIC_Show/Art/A03_ParkLevel/0713/Geometries/Obj3d66-917580-1060-758.Obj3d66-917580-1060-758,/Script/Engine.Actor,bc449cc309a6d0ac9542b201def30ca7,13,13,14,0,,composite_assembly,zhhz.aviation_weapon,航空武器/弹药,航空展馆/航空武器与弹药,confirmed,create_experimental,reviewed Datasmith handle=27827; selection_source=candidate
assembly_signature:bdbb4d3d699fbe3045bc790261f1197b,1,PL-15E001,ToMigrateAudit,/Game/AVIC_Show/Art/A03_ParkLevel/0713/Geometries/PL025.PL025,/Script/Engine.Actor,bdbb4d3d699fbe3045bc790261f1197b,1,1,2,0,,,zhhz.aviation_weapon,航空武器/弹药,航空展馆/航空武器与弹药,confirmed,create_experimental,reviewed Datasmith handle=647742; selection_source=candidate
assembly_signature:c39330ceaa66dfd6866624f96f565de8,1,触控显示屏013,ToMigrateAudit,/Game/AVIC_Show/Art/A03_ParkLevel/0713/Geometries/Obj3d66-705810-22-982.Obj3d66-705810-22-982,/Script/Engine.Actor,c39330ceaa66dfd6866624f96f565de8,2,2,3,0,,composite_assembly,zhhz.display_control_terminal,触控与操作终端,航空展馆/触控与操作终端,confirmed,create_experimental,reviewed Datasmith handle=637781; selection_source=candidate
assembly_signature:c652b8fd4f5318005920deb169fe0dc2,1,J-16,ToMigrateAudit,/Game/AVIC_Show/Art/A03_ParkLevel/0713/Geometries/3d66-Editable_mesh-20139266-010.3d66-Editable_mesh-20139266-010,/Script/Engine.Actor,c652b8fd4f5318005920deb169fe0dc2,15,15,18,0,,composite_assembly,zhhz.fixed_wing_aircraft,固定翼航空器,航空展馆/固定翼航空器,confirmed,create_experimental,reviewed Datasmith handle=534827; selection_source=candidate
assembly_signature:d0ef0debbf7b05fd732512cf987964db,1,LD-8A,ToMigrateAudit,/Game/AVIC_Show/Art/A03_ParkLevel/0713/Geometries/Cylinder32241776.Cylinder32241776,/Script/Engine.Actor,d0ef0debbf7b05fd732512cf987964db,10,10,11,0,,composite_assembly,zhhz.aviation_weapon,航空武器/弹药,航空展馆/航空武器与弹药,confirmed,create_experimental,reviewed Datasmith handle=467789; selection_source=candidate
assembly_signature:d3058ce68ac59221ee4d885bbc343d1e,1,KJ-500,ToMigrateAudit,/Game/AVIC_Show/Art/A03_ParkLevel/0713/Geometries/对象2417566.对象2417566,/Script/Engine.Actor,d3058ce68ac59221ee4d885bbc343d1e,6,6,7,0,,composite_assembly,zhhz.fixed_wing_aircraft,固定翼航空器,航空展馆/固定翼航空器,confirmed,create_experimental,reviewed Datasmith handle=69533; selection_source=candidate
assembly_signature:d3e76e201e633c7c78627b13b918b991,1,J-10CE003,ToMigrateAudit,/Game/AVIC_Show/Art/A03_ParkLevel/0713/Geometries/3d66-Editable_Poly-27705474-1082.3d66-Editable_Poly-27705474-1082,/Script/Engine.Actor,d3e76e201e633c7c78627b13b918b991,224,224,417,0,,composite_assembly,zhhz.fixed_wing_aircraft,固定翼航空器,航空展馆/固定翼航空器,confirmed,create_experimental,reviewed Datasmith handle=609687; selection_source=candidate
assembly_signature:d5cb41aca3f5e74fcb7e2bcd2007cf6e,1,某某直升机光电吊舱,ToMigrateAudit,/Game/AVIC_Show/Art/A03_ParkLevel/0713/Geometries/GuangDianDiaoCang.GuangDianDiaoCang,/Script/Engine.Actor,d5cb41aca3f5e74fcb7e2bcd2007cf6e,1,1,2,0,,,zhhz.avionics_sensor,航电/传感器/对抗设备,航空展馆/航电、传感器与对抗设备,confirmed,create_experimental,reviewed Datasmith handle=578336; selection_source=candidate
assembly_signature:d7abee9a4b1b73ec0888f83b4551765c,1,翼龙-10H002,ToMigrateAudit,/Game/AVIC_Show/Art/A03_ParkLevel/0713/Geometries/CGBLUE制作0027模型005.CGBLUE制作0027模型005,/Script/Engine.Actor,d7abee9a4b1b73ec0888f83b4551765c,61,61,68,0,,composite_assembly,zhhz.unmanned_new_aircraft,无人/新型航空器,航空展馆/无人及新型航空器,confirmed,create_experimental,reviewed Datasmith handle=142580; selection_source=supplemental
assembly_signature:dd2e759b7032b97af5a57f3144ddfb55,1,操作系统,ToMigrateAudit,/Game/AVIC_Show/Art/A03_ParkLevel/0713/Geometries/Cylinder038.Cylinder038,/Script/Engine.Actor,dd2e759b7032b97af5a57f3144ddfb55,31,31,34,0,,composite_assembly,zhhz.display_control_terminal,触控与操作终端,航空展馆/触控与操作终端,confirmed,create_experimental,reviewed Datasmith handle=574794; selection_source=candidate
assembly_signature:dd7434fab53f7cc0eb825ca9f5d8a876,1,YJ-9ER001,ToMigrateAudit,/Game/AVIC_Show/Art/A03_ParkLevel/0713/Geometries/Line2144964166.Line2144964166,/Script/Engine.Actor,dd7434fab53f7cc0eb825ca9f5d8a876,14,14,17,0,,composite_assembly,zhhz.aviation_weapon,航空武器/弹药,航空展馆/航空武器与弹药,confirmed,create_experimental,reviewed Datasmith handle=648549; selection_source=candidate
assembly_signature:ddc745c567bac40ee98366a5afe2860c,1,PLXX-3巡飞弹,ToMigrateAudit,/Game/AVIC_Show/Art/A03_ParkLevel/0713/Geometries/3d66-Editable_mesh-21505463-001.3d66-Editable_mesh-21505463-001,/Script/Engine.Actor,ddc745c567bac40ee98366a5afe2860c,1,1,4,0,,,zhhz.aviation_weapon,航空武器/弹药,航空展馆/航空武器与弹药,confirmed,create_experimental,reviewed Datasmith handle=555119; selection_source=candidate
assembly_signature:df662e602d3e1e6d1a204b36cd06a243,1,J10CE_模拟器,ToMigrateAudit,/Game/AVIC_Show/Art/A03_ParkLevel/0713/Geometries/3d66-Editable_Poly-27705474-745.3d66-Editable_Poly-27705474-745,/Script/Engine.Actor,df662e602d3e1e6d1a204b36cd06a243,8,8,9,0,,composite_assembly,zhhz.cockpit_simulator,座舱/模拟训练系统,航空展馆/座舱与模拟训练系统,confirmed,create_experimental,reviewed Datasmith handle=551504; selection_source=candidate
assembly_signature:dfc99941d5b122515bb752955a7b780c,1,YJ-9ER002,ToMigrateAudit,/Game/AVIC_Show/Art/A03_ParkLevel/0713/Geometries/Line2144964170.Line2144964170,/Script/Engine.Actor,dfc99941d5b122515bb752955a7b780c,14,14,17,0,,composite_assembly,zhhz.aviation_weapon,航空武器/弹药,航空展馆/航空武器与弹药,confirmed,create_experimental,reviewed Datasmith handle=648566; selection_source=candidate
assembly_signature:dffaba406098e35f584d7ffccdb7b57b,1,触控显示屏012,ToMigrateAudit,/Game/AVIC_Show/Art/A03_ParkLevel/0713/Geometries/Obj3d66-705810-22-981.Obj3d66-705810-22-981,/Script/Engine.Actor,dffaba406098e35f584d7ffccdb7b57b,2,2,3,0,,composite_assembly,zhhz.display_control_terminal,触控与操作终端,航空展馆/触控与操作终端,confirmed,create_experimental,reviewed Datasmith handle=539628; selection_source=candidate
assembly_signature:e0d0cd761c68b2050b8402f4f0cf78be,1,PL-12AE003,ToMigrateAudit,/Game/AVIC_Show/Art/A03_ParkLevel/0713/Geometries/PL024.PL024,/Script/Engine.Actor,e0d0cd761c68b2050b8402f4f0cf78be,1,1,2,0,,,zhhz.aviation_weapon,航空武器/弹药,航空展馆/航空武器与弹药,confirmed,create_experimental,reviewed Datasmith handle=647741; selection_source=candidate
assembly_signature:e233cd03e85f81ede40a765fdb84db19,1,AS700浮空器_,ToMigrateAudit,/Game/AVIC_Show/Art/A03_ParkLevel/0713/Geometries/Obj3d66-16260666-46-424.Obj3d66-16260666-46-424,/Script/Engine.Actor,e233cd03e85f81ede40a765fdb84db19,23,23,24,0,,composite_assembly,zhhz.unmanned_new_aircraft,无人/新型航空器,航空展馆/无人及新型航空器,confirmed,create_experimental,reviewed Datasmith handle=196480; selection_source=candidate
assembly_signature:e33211013ebd3d3ce0a2f003401c166a,1,Z8LLLLL002,ToMigrateAudit,/Game/AVIC_Show/Art/A03_ParkLevel/0713/Geometries/Rectangle2106823437.Rectangle2106823437,/Script/Engine.Actor,e33211013ebd3d3ce0a2f003401c166a,63,63,70,0,,composite_assembly,zhhz.rotorcraft,旋翼航空器,航空展馆/旋翼航空器,confirmed,create_experimental,reviewed Datasmith handle=77273; selection_source=supplemental
assembly_signature:e403eeef00f6a4e8173a13b47e93fb15,1,WZ-8,ToMigrateAudit,/Game/AVIC_Show/Art/A03_ParkLevel/0713/Geometries/Obj3d66-17427422-19-265.Obj3d66-17427422-19-265,/Script/Engine.Actor,e403eeef00f6a4e8173a13b47e93fb15,13,13,14,0,,composite_assembly,zhhz.unmanned_new_aircraft,无人/新型航空器,航空展馆/无人及新型航空器,confirmed,create_experimental,reviewed Datasmith handle=156870; selection_source=candidate
assembly_signature:e5d72e2f0fa5daa5fef6fa609e38eddd,1,AR-E800_电动垂直起降飞行器,ToMigrateAudit,/Game/AVIC_Show/Art/A03_ParkLevel/0713/Geometries/对象2419113.对象2419113,/Script/Engine.Actor,e5d72e2f0fa5daa5fef6fa609e38eddd,12,12,16,0,,composite_assembly,zhhz.unmanned_new_aircraft,无人/新型航空器,航空展馆/无人及新型航空器,confirmed,create_experimental,reviewed Datasmith handle=161675; selection_source=supplemental
assembly_signature:e610ba4a19d94af3a71e9b58bd119556,1,MA700,ToMigrateAudit,/Game/AVIC_Show/Art/A03_ParkLevel/0713/Geometries/Obj3d66-13981516-7-744.Obj3d66-13981516-7-744,/Script/Engine.Actor,e610ba4a19d94af3a71e9b58bd119556,8,8,9,0,,composite_assembly,zhhz.fixed_wing_aircraft,固定翼航空器,航空展馆/固定翼航空器,confirmed,create_experimental,reviewed Datasmith handle=139023; selection_source=candidate
assembly_signature:e6a5ddd28ce9df4f1bbb7161420685e3,1,Y-20B,ToMigrateAudit,/Game/AVIC_Show/Art/A03_ParkLevel/0713/Geometries/3d66-Editable_mesh-28100870-022.3d66-Editable_mesh-28100870-022,/Script/Engine.Actor,e6a5ddd28ce9df4f1bbb7161420685e3,52,52,53,0,,composite_assembly,zhhz.fixed_wing_aircraft,固定翼航空器,航空展馆/固定翼航空器,confirmed,create_experimental,reviewed Datasmith handle=636956; selection_source=candidate
assembly_signature:e8a4d20653b2e4ea110cc2c60f2fd63a,1,SF50,ToMigrateAudit,/Game/AVIC_Show/Art/A03_ParkLevel/0713/Geometries/VLJ.VLJ,/Script/Engine.Actor,e8a4d20653b2e4ea110cc2c60f2fd63a,2,2,3,0,,composite_assembly,zhhz.fixed_wing_aircraft,固定翼航空器,航空展馆/固定翼航空器,confirmed,create_experimental,reviewed Datasmith handle=138347; selection_source=candidate
assembly_signature:e9512dfc4b2f0df2fbf9118c20f0a4fd,1,操作系统001,ToMigrateAudit,/Game/AVIC_Show/Art/A03_ParkLevel/0713/Geometries/Rectangle2133400795.Rectangle2133400795,/Script/Engine.Actor,e9512dfc4b2f0df2fbf9118c20f0a4fd,31,31,34,0,,composite_assembly,zhhz.display_control_terminal,触控与操作终端,航空展馆/触控与操作终端,confirmed,create_experimental,reviewed Datasmith handle=574854; selection_source=candidate
assembly_signature:e95c0157ca67ccd837e0390031c08051,1,SD-30,ToMigrateAudit,/Game/AVIC_Show/Art/A03_ParkLevel/0713/Geometries/Line2029256927.Line2029256927,/Script/Engine.Actor,e95c0157ca67ccd837e0390031c08051,10,10,11,0,,composite_assembly,zhhz.aviation_weapon,航空武器/弹药,航空展馆/航空武器与弹药,confirmed,create_experimental,reviewed Datasmith handle=31200; selection_source=candidate
assembly_signature:eac4d312ad5c793055ebfbb5eadff695,1,J-20S,ToMigrateAudit,/Game/AVIC_Show/Art/A03_ParkLevel/0713/Geometries/3d66-Editable_Poly-32021247-018.3d66-Editable_Poly-32021247-018,/Script/Engine.Actor,eac4d312ad5c793055ebfbb5eadff695,23,23,24,0,,composite_assembly,zhhz.fixed_wing_aircraft,固定翼航空器,航空展馆/固定翼航空器,confirmed,create_experimental,reviewed Datasmith handle=462376; selection_source=candidate
assembly_signature:ec5ea80b5a9780cf0c9ee49266157413,1,光剑11A,ToMigrateAudit,/Game/AVIC_Show/Art/A03_ParkLevel/0713/Geometries/3d66-Editable_mesh-23302148-022.3d66-Editable_mesh-23302148-022,/Script/Engine.Actor,ec5ea80b5a9780cf0c9ee49266157413,10,10,12,0,,composite_assembly,zhhz.aviation_weapon,航空武器/弹药,航空展馆/航空武器与弹药,confirmed,create_experimental,reviewed Datasmith handle=554220; selection_source=candidate
assembly_signature:ec89b5812576f9a5cddea22a85df401d,1,PL-12AE,ToMigrateAudit,/Game/AVIC_Show/Art/A03_ParkLevel/0713/Geometries/PL022.PL022,/Script/Engine.Actor,ec89b5812576f9a5cddea22a85df401d,1,1,2,0,,,zhhz.aviation_weapon,航空武器/弹药,航空展馆/航空武器与弹药,confirmed,create_experimental,reviewed Datasmith handle=467827; selection_source=candidate
assembly_signature:ed88412999f0a440b4f61c64ba83162c,1,PL-15EII,ToMigrateAudit,/Game/AVIC_Show/Art/A03_ParkLevel/0713/Geometries/PL023.PL023,/Script/Engine.Actor,ed88412999f0a440b4f61c64ba83162c,1,1,2,0,,,zhhz.aviation_weapon,航空武器/弹药,航空展馆/航空武器与弹药,confirmed,create_experimental,reviewed Datasmith handle=468598; selection_source=candidate
assembly_signature:f00f2b9d030c4f02ede9ed576857d79e,1,Z-9ME,ToMigrateAudit,/Game/AVIC_Show/Art/A03_ParkLevel/0713/Geometries/Obj3d66-8630057-61-473.Obj3d66-8630057-61-473,/Script/Engine.Actor,f00f2b9d030c4f02ede9ed576857d79e,15,15,16,0,,composite_assembly,zhhz.rotorcraft,旋翼航空器,航空展馆/旋翼航空器,confirmed,create_experimental,reviewed Datasmith handle=487937; selection_source=candidate
assembly_signature:f1b18230b3f90ae9e5f167d0a8bde89a,1,LS-6-518,ToMigrateAudit,/Game/AVIC_Show/Art/A03_ParkLevel/0713/Geometries/Cylinder32241736.Cylinder32241736,/Script/Engine.Actor,f1b18230b3f90ae9e5f167d0a8bde89a,13,13,15,0,,composite_assembly,zhhz.aviation_weapon,航空武器/弹药,航空展馆/航空武器与弹药,confirmed,create_experimental,reviewed Datasmith handle=415234; selection_source=candidate
assembly_signature:f52e24ef007d6e8b7def3725e243bf83,1,4M_螺旋桨,ToMigrateAudit,/Game/AVIC_Show/Art/A03_ParkLevel/0713/Geometries/Obj3d66-15011007-9-780.Obj3d66-15011007-9-780,/Script/Engine.Actor,f52e24ef007d6e8b7def3725e243bf83,2,2,3,0,,composite_assembly,zhhz.aircraft_component,航空部件/子系统,航空展馆/航空部件与子系统,confirmed,create_experimental,reviewed Datasmith handle=579859; selection_source=candidate
assembly_signature:f5d149be658cbaf04562e50509bc0b7e,1,Y-12F_消防,ToMigrateAudit,/Game/AVIC_Show/Art/A03_ParkLevel/0713/Geometries/3d66-Editable_Poly-21480977-001.3d66-Editable_Poly-21480977-001,/Script/Engine.Actor,f5d149be658cbaf04562e50509bc0b7e,7,7,10,0,,composite_assembly,zhhz.fixed_wing_aircraft,固定翼航空器,航空展馆/固定翼航空器,confirmed,create_experimental,reviewed Datasmith handle=200309; selection_source=candidate
assembly_signature:f5f777edb6dbfb270ecfc5ae8c2523e7,1,SD-100X,ToMigrateAudit,/Game/AVIC_Show/Art/A03_ParkLevel/0713/Geometries/Obj3d66-917580-1060-760.Obj3d66-917580-1060-760,/Script/Engine.Actor,f5f777edb6dbfb270ecfc5ae8c2523e7,13,13,14,0,,composite_assembly,zhhz.aviation_weapon,航空武器/弹药,航空展馆/航空武器与弹药,confirmed,create_experimental,reviewed Datasmith handle=407842; selection_source=candidate
assembly_signature:f6a55481fb6b33d217abf46a81fb3b75,1,SD-100,ToMigrateAudit,/Game/AVIC_Show/Art/A03_ParkLevel/0713/Geometries/Obj3d66-917580-1059-962.Obj3d66-917580-1059-962,/Script/Engine.Actor,f6a55481fb6b33d217abf46a81fb3b75,13,13,14,0,,composite_assembly,zhhz.aviation_weapon,航空武器/弹药,航空展馆/航空武器与弹药,confirmed,create_experimental,reviewed Datasmith handle=102504; selection_source=candidate
assembly_signature:f7dc64ff9ea722fabeff1ed52be9d19e,1,WL-2D,ToMigrateAudit,/Game/AVIC_Show/Art/A03_ParkLevel/0713/Geometries/YL004.YL004,/Script/Engine.Actor,f7dc64ff9ea722fabeff1ed52be9d19e,1,1,2,0,,,zhhz.unmanned_new_aircraft,无人/新型航空器,航空展馆/无人及新型航空器,confirmed,create_experimental,reviewed Datasmith handle=131162; selection_source=candidate
assembly_signature:f86f057dc45663920b025bcfa1a123e9,1,919机轮组件001,ToMigrateAudit,/Game/AVIC_Show/Art/A03_ParkLevel/0713/Geometries/Torus1398.Torus1398,/Script/Engine.Actor,f86f057dc45663920b025bcfa1a123e9,2,2,3,0,,composite_assembly,zhhz.aircraft_component,航空部件/子系统,航空展馆/航空部件与子系统,confirmed,create_experimental,reviewed Datasmith handle=241221; selection_source=candidate
assembly_signature:f97df98975bc81e39779cc8a98eaee9e,1,触控显示屏008,ToMigrateAudit,/Game/AVIC_Show/Art/A03_ParkLevel/0713/Geometries/Obj3d66-705810-22-977.Obj3d66-705810-22-977,/Script/Engine.Actor,f97df98975bc81e39779cc8a98eaee9e,2,2,3,0,,composite_assembly,zhhz.display_control_terminal,触控与操作终端,航空展馆/触控与操作终端,confirmed,create_experimental,reviewed Datasmith handle=539616; selection_source=candidate
assembly_signature:fa11be28408e4fd2bda44fb45d08c959,1,WL-1G_重油）,ToMigrateAudit,/Game/AVIC_Show/Art/A03_ParkLevel/0713/Geometries/Obj3d66-784769-3-993.Obj3d66-784769-3-993,/Script/Engine.Actor,fa11be28408e4fd2bda44fb45d08c959,14,14,17,0,,composite_assembly,zhhz.unmanned_new_aircraft,无人/新型航空器,航空展馆/无人及新型航空器,confirmed,create_experimental,reviewed Datasmith handle=486932; selection_source=candidate
assembly_signature:fca88cbca50a7aaeadb87ae9fd29cdc5,1,PL-15EII001,ToMigrateAudit,/Game/AVIC_Show/Art/A03_ParkLevel/0713/Geometries/PL021.PL021,/Script/Engine.Actor,fca88cbca50a7aaeadb87ae9fd29cdc5,1,1,2,0,,,zhhz.aviation_weapon,航空武器/弹药,航空展馆/航空武器与弹药,confirmed,create_experimental,reviewed Datasmith handle=467828; selection_source=candidate
assembly_signature:fcb03897d068fc0b9f81f1e696395c47,1,Y-9雷达干扰,ToMigrateAudit,/Game/AVIC_Show/Art/A03_ParkLevel/0713/Geometries/对象2417968.对象2417968,/Script/Engine.Actor,fcb03897d068fc0b9f81f1e696395c47,7,7,8,0,,composite_assembly,zhhz.fixed_wing_aircraft,固定翼航空器,航空展馆/固定翼航空器,confirmed,create_experimental,reviewed Datasmith handle=101498; selection_source=candidate
