handle,label,business_type,selection_source
38265,ZB__K-8,fixed_wing_aircraft,candidate
69533,KJ-500,fixed_wing_aircraft,candidate
75870,Y-9E,fixed_wing_aircraft,candidate
101498,Y-9雷达干扰,fixed_wing_aircraft,candidate
102922,Y-9反潜巡逻,fixed_wing_aircraft,candidate
121818,空天飞机那玩意,fixed_wing_aircraft,candidate
130203,KJ-500H,fixed_wing_aircraft,candidate
138347,SF50,fixed_wing_aircraft,candidate
139023,MA700,fixed_wing_aircraft,candidate
139352,运-20F100,fixed_wing_aircraft,candidate
151186,YR20A,fixed_wing_aircraft,candidate
152877,Kj-511,fixed_wing_aircraft,candidate
200309,Y-12F_消防,fixed_wing_aircraft,candidate
212066,607-J20,fixed_wing_aircraft,candidate
231401,KJ-600,fixed_wing_aircraft,candidate
257865,教-7,fixed_wing_aircraft,candidate
345334,J-15T,fixed_wing_aircraft,candidate
393984,H6J,fixed_wing_aircraft,candidate
393985,H6K,fixed_wing_aircraft,candidate
393986,Y-9电子侦察,fixed_wing_aircraft,candidate
400224,JH-7E,fixed_wing_aircraft,candidate
413340,双模态战斗机,fixed_wing_aircraft,candidate
458506,Y-12E008,fixed_wing_aircraft,candidate
462376,J-20S,fixed_wing_aircraft,candidate
517545,J-15T001,fixed_wing_aircraft,candidate
534827,J-16,fixed_wing_aircraft,candidate
542656,J-20,fixed_wing_aircraft,candidate
543480,J-15T002,fixed_wing_aircraft,candidate
544012,J-10CE001,fixed_wing_aircraft,candidate
609270,J-021,fixed_wing_aircraft,candidate
609687,J-10CE003,fixed_wing_aircraft,candidate
609824,KJ-602,fixed_wing_aircraft,candidate
635346,J-022,fixed_wing_aircraft,candidate
636956,Y-20B,fixed_wing_aircraft,candidate
1671,Z-19,rotorcraft,candidate
69551,Z-8C,rotorcraft,candidate
101533,Z-20,rotorcraft,candidate
101798,Z-18F,rotorcraft,candidate
111943,Z-20J,rotorcraft,candidate
139475,AC519,rotorcraft,candidate
139535,AC312E,rotorcraft,candidate
142441,AC332,rotorcraft,candidate
384527,Z-11EB,rotorcraft,candidate
393998,Z-20T,rotorcraft,candidate
394001,Z-20F,rotorcraft,candidate
487098,Z-9WE,rotorcraft,candidate
487937,Z-9ME,rotorcraft,candidate
487955,Z-9ME001,rotorcraft,candidate
581058,AC523,rotorcraft,candidate
619785,Z-9ME002,rotorcraft,candidate
77068,WZ-7,unmanned_new_aircraft,candidate
131162,WL-2D,unmanned_new_aircraft,candidate
156870,WZ-8,unmanned_new_aircraft,candidate
161739,AR-E300A,unmanned_new_aircraft,candidate
196480,AS700浮空器_,unmanned_new_aircraft,candidate
198028,氢能源无人机,unmanned_new_aircraft,candidate
260170,九天_多用途无人母鸡_,unmanned_new_aircraft,candidate
382149,GJ-11X,unmanned_new_aircraft,candidate
414391,WL-10A,unmanned_new_aircraft,candidate
414430,WL-6,unmanned_new_aircraft,candidate
482371,WL-10B001,unmanned_new_aircraft,candidate
486932,WL-1G_重油）,unmanned_new_aircraft,candidate
565799,WL-3_X_001,unmanned_new_aircraft,candidate
581050,XG-E800,unmanned_new_aircraft,candidate
582612,鹮影60,unmanned_new_aircraft,candidate
608334,WL-3_X_002,unmanned_new_aircraft,candidate
612860,HH-100,unmanned_new_aircraft,candidate
27827,SD-10A,aviation_weapon,candidate
31200,SD-30,aviation_weapon,candidate
38189,TY-20R,aviation_weapon,candidate
102504,SD-100,aviation_weapon,candidate
112958,LD-15-25,aviation_weapon,candidate
156873,LD-15-25,aviation_weapon,candidate
156962,LD-15-10,aviation_weapon,candidate
156974,LD-15-5,aviation_weapon,candidate
231407,LD-15-052,aviation_weapon,candidate
407842,SD-100X,aviation_weapon,candidate
410185,PL-15E,aviation_weapon,candidate
415234,LS-6-518,aviation_weapon,candidate
445155,LD-8A001,aviation_weapon,candidate
445164,PL-10E001,aviation_weapon,candidate
445165,PL-12AE001,aviation_weapon,candidate
467789,LD-8A,aviation_weapon,candidate
467790,LD-8B,aviation_weapon,candidate
467825,PL-108,aviation_weapon,candidate
467826,PL-10E,aviation_weapon,candidate
467827,PL-12AE,aviation_weapon,candidate
467828,PL-15EII001,aviation_weapon,candidate
467829,PL-5DE,aviation_weapon,candidate
467830,PL-90AE002,aviation_weapon,candidate
467840,YJ-9ER,aviation_weapon,candidate
467841,TL-20,aviation_weapon,candidate
468598,PL-15EII,aviation_weapon,candidate
554154,光剑21A_B,aviation_weapon,candidate
554220,光剑11A,aviation_weapon,candidate
555119,PLXX-3巡飞弹,aviation_weapon,candidate
647731,LD-8A003,aviation_weapon,candidate
647740,PL-10E003,aviation_weapon,candidate
647741,PL-12AE003,aviation_weapon,candidate
647742,PL-15E001,aviation_weapon,candidate
648532,TY-20I,aviation_weapon,candidate
648549,YJ-9ER001,aviation_weapon,candidate
648566,YJ-9ER002,aviation_weapon,candidate
649339,LS-6-522,aviation_weapon,candidate
570660,光电告警设备,avionics_sensor,candidate
570673,定向对抗设备,avionics_sensor,candidate
570688,夜视夜战吊舱,avionics_sensor,candidate
578336,某某直升机光电吊舱,avionics_sensor,candidate
612103,某光电吊舱,avionics_sensor,candidate
659217,eVTOL综合航电,avionics_sensor,candidate
211920,空中加油座舱,cockpit_simulator,candidate
211982,先进直升机飞控系统综合展示座舱,cockpit_simulator,candidate
242026,3D全息舱,cockpit_simulator,candidate
359335,民用数字化屏显座舱展项,cockpit_simulator,candidate
551504,J10CE_模拟器,cockpit_simulator,candidate
539595,触控显示屏01,display_control_terminal,candidate
539598,触控显示屏002,display_control_terminal,candidate
539601,触控显示屏003,display_control_terminal,candidate
539604,触控显示屏004,display_control_terminal,candidate
539607,触控显示屏005,display_control_terminal,candidate
539610,触控显示屏006,display_control_terminal,candidate
539613,触控显示屏007,display_control_terminal,candidate
539616,触控显示屏008,display_control_terminal,candidate
539619,触控显示屏009,display_control_terminal,candidate
539622,触控显示屏010,display_control_terminal,candidate
539625,触控显示屏011,display_control_terminal,candidate
539628,触控显示屏012,display_control_terminal,candidate
574794,操作系统,display_control_terminal,candidate
574854,操作系统001,display_control_terminal,candidate
637781,触控显示屏013,display_control_terminal,candidate
673530,触控显示屏014,display_control_terminal,candidate
241221,919机轮组件001,aircraft_component,candidate
579859,4M_螺旋桨,aircraft_component,candidate
579862,WL-2螺旋桨系统,aircraft_component,candidate
77273,Z8LLLLL002,rotorcraft,supplemental
100877,AR500C002,unmanned_new_aircraft,supplemental
138652,MA60灭火,fixed_wing_aircraft,supplemental
142505,AC_313_A002,rotorcraft,supplemental
142580,翼龙-10H002,unmanned_new_aircraft,supplemental
142707,新舟搜救机,fixed_wing_aircraft,supplemental
150793,J-35A,fixed_wing_aircraft,supplemental
161675,AR-E800_电动垂直起降飞行器,unmanned_new_aircraft,supplemental
194115,翼龙-10H003,unmanned_new_aircraft,supplemental
419029,MA702,fixed_wing_aircraft,supplemental
533267,客舱系统,cockpit_simulator,supplemental
551672,翼龙模拟器,cockpit_simulator,supplemental
