business_category_rid,business_category_name,hierarchy_path,model_code,object_type_rid,object_type_name,datasmith_geometry_signature,instance_count,actor_labels,datasmith_handles,render_part_counts
zhhz.display_media_device,显示与媒体设备,航空展馆/显示与媒体设备,DMD-01,zhhz.display_media_device.model_007904e7e325c5ae,数据展示LED屏-01（DMD-01）,007904e7e325c5ae19b01a017ecb6f0e61ade40a8742da91cd8c62104aa92533,1,Group2136669717,155844,6
zhhz.display_media_device,显示与媒体设备,航空展馆/显示与媒体设备,DMD-02,zhhz.display_media_device.model_00c7287cd8769399,数据展示LED屏-02（DMD-02）,00c7287cd8769399eaacc7ebc24afb44db6a0785068b9d328e91993116bec64c,1,Group2136669715,155842,6
zhhz.display_media_device,显示与媒体设备,航空展馆/显示与媒体设备,DMD-03,zhhz.display_media_device.model_291322bd2b0460c3,组合媒体展示屏-056（DMD-03）,291322bd2b0460c325b2201abb0df981036ed3f312cbc041bfddfe0fd92809ab,1,Group2136669588,146110,43
zhhz.display_media_device,显示与媒体设备,航空展馆/显示与媒体设备,DMD-04,zhhz.display_media_device.model_2ee1fc469690eb4b,独立媒体展示屏-058（DMD-04）,2ee1fc469690eb4bcdc62bf8ee9b0c2f82e0414a5b7a19412e190fdf0fff7b95,1,SMP-056,146247,5
zhhz.display_media_device,显示与媒体设备,航空展馆/显示与媒体设备,DMD-05,zhhz.display_media_device.model_3ab88f8bc986d303,数据展示LED屏-04（DMD-05）,3ab88f8bc986d303e9641425a71fd5a7af5ac0b776b796dc738691af39d0540a,1,Group2136669994,206378,6
zhhz.display_media_device,显示与媒体设备,航空展馆/显示与媒体设备,DMD-06,zhhz.display_media_device.model_4e7bb02b7b4f1e87,紧凑型数据展示LED屏（DMD-06）,4e7bb02b7b4f1e87781caaf5a274c5457939488f131c648ca01acd31c56b06f8,3,100-020|100-021|100-022,146326|146329|146332,2|2|2
zhhz.display_media_device,显示与媒体设备,航空展馆/显示与媒体设备,DMD-07,zhhz.display_media_device.model_620acb0b59b3c48a,长方形LED屏（DMD-07）,620acb0b59b3c48a02845c5ef5319524337ef48ef99450d08ccd970e35a3435c,1,组2142381026,673524,2
zhhz.display_media_device,显示与媒体设备,航空展馆/显示与媒体设备,DMD-08,zhhz.display_media_device.model_8a8df6309530810f,数据展示LED屏-03（DMD-08）,8a8df6309530810f83b33079e8a84cde80f822e4d02b128ae893249ef0b1e755,1,Group2136669713,155840,6
zhhz.display_media_device,显示与媒体设备,航空展馆/显示与媒体设备,DMD-09,zhhz.display_media_device.model_ef3dfa4e2519dec9,数据展示LED屏-05（DMD-09）,ef3dfa4e2519dec9a96dcd09c3abd0f3660e580e491be15e85d02f706cff838a,1,Group2136669708,155835,6
zhhz.display_media_device,显示与媒体设备,航空展馆/显示与媒体设备,DMD-10,zhhz.display_media_device.model_f517c63c5bc5163b,组合媒体展示屏-060（DMD-10）,f517c63c5bc5163bf160e4c15910ed0ebb3d90bfd6d27c1b3458100a8adad1be,1,Group2136669596,146293,35
zhhz.exhibit_fixture,展陈装置,航空展馆/展陈装置,EF-01,zhhz.exhibit_fixture.model_054920a28ec53d60,白色倒角展台-A（EF-01）,054920a28ec53d602c31129b996b6f12348aefad3826b2e49d00b46ee4f91e46,1,Group2136670041,243377,2
zhhz.exhibit_fixture,展陈装置,航空展馆/展陈装置,EF-02,zhhz.exhibit_fixture.model_0b4ccec734c275fb,灰黑组合展台-A（EF-02）,0b4ccec734c275fbf7b5ef1cc32e74e73d6ccf299a281add90c3e0383942dbd6,1,Group2136670507,574783,23
zhhz.exhibit_fixture,展陈装置,航空展馆/展陈装置,EF-03,zhhz.exhibit_fixture.model_0c479112746dcc7e,白灰模块展台（EF-03）,0c479112746dcc7e6fad7ea3d6a0be529ae4b20975db5a87c319e22a608466a2,1,Group2136670046,246494,30
zhhz.exhibit_fixture,展陈装置,航空展馆/展陈装置,EF-04,zhhz.exhibit_fixture.model_11faae0c2e1ae337,大型复合展陈装置（EF-04）,11faae0c2e1ae3372544fe386d70c2025d9ce5ace55ed9a5ceb51aac681bd078,1,Group-402577-666,447609,118
zhhz.exhibit_fixture,展陈装置,航空展馆/展陈装置,EF-05,zhhz.exhibit_fixture.model_1738f547ab972655,图文组合展台（EF-05）,1738f547ab97265578972b62d37105221cff19b046981dbf0b09cb84a4e1b15c,1,Group2136669995,206379,25
zhhz.exhibit_fixture,展陈装置,航空展馆/展陈装置,EF-06,zhhz.exhibit_fixture.model_3b5a403c5180d3d0,黑白组合展台（EF-06）,3b5a403c5180d3d0eaabf17cc93ff192274c925012f14ae86dfb0ba7faab1b35,2,Group2136669599|Group2136670339,146339|447876,23|23
zhhz.exhibit_fixture,展陈装置,航空展馆/展陈装置,EF-07,zhhz.exhibit_fixture.model_41d52d8fe3054627,大型复合展陈装置（EF-07）,41d52d8fe30546274332911fbf4c75c609c420be573e351b8878a4d49f551f3e,1,Group-402577-664,314204,118
zhhz.exhibit_fixture,展陈装置,航空展馆/展陈装置,EF-08,zhhz.exhibit_fixture.model_4c6958ddf91d4a68,大型复合展陈装置（EF-08）,4c6958ddf91d4a68324a22e90bb0696d64dbf66ba95e8f9f9bc2e2193d0079d3,1,Group-402577-668,534861,118
zhhz.exhibit_fixture,展陈装置,航空展馆/展陈装置,EF-09,zhhz.exhibit_fixture.model_4e207aa4d2609660,紫色星形展陈装置（EF-09）,4e207aa4d26096601d357ac5e0ab9bb7ea46f8e28c89f267294f26f356ac6668,1,Group2136670452,515666,68
zhhz.exhibit_fixture,展陈装置,航空展馆/展陈装置,EF-10,zhhz.exhibit_fixture.model_516560622e254031,白色倒角展台-B（EF-10）,516560622e254031226c9a1380a1faff028d6b1f5530d2892f1f5172ba19e570,1,Group2136670040,243374,2
zhhz.exhibit_fixture,展陈装置,航空展馆/展陈装置,EF-11,zhhz.exhibit_fixture.model_52b4ef67231b1f24,大型复合展陈装置（EF-11）,52b4ef67231b1f24f5ecc0ce5e7f5e5f494820f43f862554d32b894c0618f8b4,1,Group-402577-657,313371,118
zhhz.exhibit_fixture,展陈装置,航空展馆/展陈装置,EF-12,zhhz.exhibit_fixture.model_546b466c8fa0689f,大型复合展陈装置（EF-12）,546b466c8fa0689f3a583b78581ad8a7e07b2662942e4bce1f1f0abf76e528c4,1,Group-402577-656,313252,118
zhhz.exhibit_fixture,展陈装置,航空展馆/展陈装置,EF-13,zhhz.exhibit_fixture.model_598eb999fc37ba56,通航综合展陈装置（EF-13）,598eb999fc37ba56b585183e39549906c92a598798181e866326051d2e44555d,1,通航综合,109672,38
zhhz.exhibit_fixture,展陈装置,航空展馆/展陈装置,EF-14,zhhz.exhibit_fixture.model_59b82b91f1cd460e,灰黑组合展台-B（EF-14）,59b82b91f1cd460ea945e3186ac7fd3c80093405b7fc87a0636851a53304a47f,1,Group2136670512,574812,23
zhhz.exhibit_fixture,展陈装置,航空展馆/展陈装置,EF-15,zhhz.exhibit_fixture.model_59c9f5a990a7b7bb,双星发光展台-A（EF-15）,59c9f5a990a7b7bbcbb4d1ee20d00993ac1395965797b7740ccd554058a5e035,1,Group2136670501,571225,2
zhhz.exhibit_fixture,展陈装置,航空展馆/展陈装置,EF-16,zhhz.exhibit_fixture.model_5d26575f9efc156d,小型白色展台（EF-16）,5d26575f9efc156d7decbe668f1f4e197bb2b467ccfb053c41569713002df968,1,Group2136668563,109734,4
zhhz.exhibit_fixture,展陈装置,航空展馆/展陈装置,EF-17,zhhz.exhibit_fixture.model_628abc0c7e6e42b9,灰白组合展台（EF-17）,628abc0c7e6e42b9fd4811ff1b9e8f7906d8d30692d920f5c05caf5541d44aaa,1,Group2136668560,109714,14
zhhz.exhibit_fixture,展陈装置,航空展馆/展陈装置,EF-18,zhhz.exhibit_fixture.model_68df85f64af653f3,蓝白组合展台（EF-18）,68df85f64af653f38e9aef4c99bb20e9f0a7303c81124a0385b9ec3ae896b2c8,1,Group2136669614,147693,10
zhhz.exhibit_fixture,展陈装置,航空展馆/展陈装置,EF-19,zhhz.exhibit_fixture.model_6f12aaee9e552936,海蓝发光信息牌（EF-19）,6f12aaee9e552936ea2fa5d3448f140c2c8f5aeba8691c5d686ce56d74508e44,1,Group007,243445,4
zhhz.exhibit_fixture,展陈装置,航空展馆/展陈装置,EF-20,zhhz.exhibit_fixture.model_726121c8e520f34f,大型复合展陈装置（EF-20）,726121c8e520f34fd8061cc098a9f3d8e238612778e1e7ff54a060cbc1a11dea,1,Group-402577-658,313490,118
zhhz.exhibit_fixture,展陈装置,航空展馆/展陈装置,EF-21,zhhz.exhibit_fixture.model_838ad322811e2f63,八组件白色展台-A（EF-21）,838ad322811e2f63aa311976c76decb202fdb4159e4d23094b35f89a3bdba16a,1,Group2136669647,151606,8
zhhz.exhibit_fixture,展陈装置,航空展馆/展陈装置,EF-22,zhhz.exhibit_fixture.model_8ed7fb5b004bd585,大型复合展陈装置（EF-22）,8ed7fb5b004bd5858ff346f4bd2ca94622a1f646e459f0f47adecd71ccd40a82,4,Group-402577-646|Group-402577-647|Group-402577-648|Group-402577-650,312062|312181|312300|312538,118|118|118|118
zhhz.exhibit_fixture,展陈装置,航空展馆/展陈装置,EF-23,zhhz.exhibit_fixture.model_9a4f0499c9482fdf,黑白简式展台（EF-23）,9a4f0499c9482fdfeccf8f24d1b3e99d1a781176093540aa0bbdf1e6feb6fec3,1,Group2136670020,241224,3
zhhz.exhibit_fixture,展陈装置,航空展馆/展陈装置,EF-24,zhhz.exhibit_fixture.model_ad28cfe223b46602,大型复合展陈装置（EF-24）,ad28cfe223b46602b751c98f4bb3eccbdf0550f624a92166f75ee620a4042aa0,1,Group-402577-660,313728,118
zhhz.exhibit_fixture,展陈装置,航空展馆/展陈装置,EF-25,zhhz.exhibit_fixture.model_b21555c5a7d704ae,大型复合展陈装置（EF-25）,b21555c5a7d704aeabc52157349b6b64406cd730e23d4b0b298d1c4ad620926f,1,Group-402577-659,313609,118
zhhz.exhibit_fixture,展陈装置,航空展馆/展陈装置,EF-26,zhhz.exhibit_fixture.model_b5ef33db2120c9bf,大型复合展陈装置（EF-26）,b5ef33db2120c9bf4d099186519b06171b8d7c8a84a6a87e436621d8e3be88ed,1,Group-402577-661,313847,118
zhhz.exhibit_fixture,展陈装置,航空展馆/展陈装置,EF-27,zhhz.exhibit_fixture.model_c2a2d47995ebc347,红字白色展板（EF-27）,c2a2d47995ebc34729a4dcadcc295abdcaae8ae1abec12143b7262aa86e3ca0e,1,Group2136669008,139471,3
zhhz.exhibit_fixture,展陈装置,航空展馆/展陈装置,EF-28,zhhz.exhibit_fixture.model_c728139672c62f2e,白色倒角展台-C（EF-28）,c728139672c62f2e7094a19ba6e35a2b1d9e3e856c7cbd7fab146858fc7043f0,1,Group2136670043,243399,2
zhhz.exhibit_fixture,展陈装置,航空展馆/展陈装置,EF-29,zhhz.exhibit_fixture.model_cf1793fb61cb3c4e,双星发光展台-B（EF-29）,cf1793fb61cb3c4e30bbd61c30187ae2bb1534bd801d8025db53dc27a60f5aed,2,Group2136670500|Group2136670503,571224|572311,2|2
zhhz.exhibit_fixture,展陈装置,航空展馆/展陈装置,EF-30,zhhz.exhibit_fixture.model_d4d40631a397d955,八组件白色展台-B（EF-30）,d4d40631a397d955bea11a4907121424d62ac287b0c559ffcfe1fd3a910e4b9a,1,Group2136670004,209503,8
zhhz.exhibit_fixture,展陈装置,航空展馆/展陈装置,EF-31,zhhz.exhibit_fixture.model_d907bfd5c5272a6a,大型复合展陈装置（EF-31）,d907bfd5c5272a6a469f715cf11e044b6b2f2cdd0c0bd5a752ae7f1d4ffb3a77,1,Group-402577-662,313966,118
zhhz.exhibit_fixture,展陈装置,航空展馆/展陈装置,EF-32,zhhz.exhibit_fixture.model_fc28a7d285b69bba,大型复合展陈装置（EF-32）,fc28a7d285b69bba6c6666be9b48852bae33000884be90d1ea8365237f9fbc59,2,Group-402577-663|Group-402577-667,314085|515874,118|118
zhhz.furniture,家具,航空展馆/家具,FUR-01,zhhz.furniture.model_00f6e344f4bc728d,浅灰模块沙发-端头A（FUR-01）,00f6e344f4bc728d92502ac91bf8b9e9178dfa6edb1b0ad10228b0202964aef3,1,Group2136670013,237114,148
zhhz.furniture,家具,航空展馆/家具,FUR-02,zhhz.furniture.model_08b8830e0759ec98,黑边操作台-03（FUR-02）,08b8830e0759ec98ca747152615c5853cf84ce9e12e4ab1a13c6f9bedd1a1f49,1,Group2136670494,552460,12
zhhz.furniture,家具,航空展馆/家具,FUR-03,zhhz.furniture.model_1e271d28426dbb11,浅灰模块沙发-中间模块A（FUR-03）,1e271d28426dbb116ec8712da2dd76633b32760d5c89de253ed44643c37eb3ee,4,Group2136669777|Group2136669779|Group2136669781|Group2136669783,157330|157490|157798|158106,148|148|148|148
zhhz.furniture,家具,航空展馆/家具,FUR-04,zhhz.furniture.model_2c43c2099c60a0f1,黑边操作台-04（FUR-04）,2c43c2099c60a0f1264bbe4094588f570be6015f8d68eb4e2de0efd670963b0f,1,Group2136670535,637730,12
zhhz.furniture,家具,航空展馆/家具,FUR-05,zhhz.furniture.model_475c912888eccf1b,蓝色布面展示桌（FUR-05）,475c912888eccf1bddf281cc5fc12f133aca18583a40b09abd335f5a1c88b9ba,1,Group2136670125,279769,16
zhhz.furniture,家具,航空展馆/家具,FUR-06,zhhz.furniture.model_61c27ee7c2b1fe3f,浅灰模块沙发-端头B（FUR-06）,61c27ee7c2b1fe3f2ae8dee1d5d3adeface89342a9c3818a00b864863344ed39,1,Group2136670012,237113,148
zhhz.furniture,家具,航空展馆/家具,FUR-07,zhhz.furniture.model_76d7245c5c5eb6f3,黑边操作台-01（FUR-07）,76d7245c5c5eb6f3d9ae36e364f2513d09e3248e8d4a246007a8684c19292368,1,Group2136670490,552432,12
zhhz.furniture,家具,航空展馆/家具,FUR-08,zhhz.furniture.model_8af3f2d41ac15d21,简式黑边操作台（FUR-08）,8af3f2d41ac15d2179b504b6cdfdceff5d07705b669fe864a35b9d6747d56cae,1,Group2136668721,112572,6
zhhz.furniture,家具,航空展馆/家具,FUR-09,zhhz.furniture.model_c1be81bd0e519f10,黑边操作台-02（FUR-09）,c1be81bd0e519f10a30cdf2233cfc33f9e5c07789c2d90a1507ae92e50a9366f,1,Group2136670492,552446,12
zhhz.furniture,家具,航空展馆/家具,FUR-10,zhhz.furniture.model_c5aac92959d48644,浅灰模块沙发-中间模块B（FUR-10）,c5aac92959d48644633b1840905af4d4627f89562630fb404eb590c9138c6be7,4,Group2136669302|Group2136669778|Group2136669780|Group2136669782,132959|157489|157797|158105,148|148|148|148
