ext_guid,actor_label,datasmith_handle,selection_source,business_type,business_type_name,object_type_rid,hierarchy_path,source_actor_count,render_part_count,mirrored_source_actor_count,assembly_signature,ue_path
2127B1B4-4976-8542-FBF2-CA9C5E1F9EE8,4M_螺旋桨,579859,candidate,aircraft_component,航空部件/子系统,zhhz.aircraft_component,航空展馆/航空部件与子系统,3,2,0,f52e24ef007d6e8b7def3725e243bf83,0713/4M_螺旋桨
1AB84361-4A8E-3DE8-AA8B-479082382902,607-J20,212066,candidate,fixed_wing_aircraft,固定翼航空器,zhhz.fixed_wing_aircraft,航空展馆/固定翼航空器,196,195,0,4d7a24bf6c98fd424f685b59cc961676,0713/607-J20
C66D5826-4A19-BC2B-C7EF-1DA6560434DF,919机轮组件001,241221,candidate,aircraft_component,航空部件/子系统,zhhz.aircraft_component,航空展馆/航空部件与子系统,3,2,0,f86f057dc45663920b025bcfa1a123e9,0713/919机轮组件001
0049110A-4DEA-DA8C-DA57-1C8BAB522EEE,AC312E,139535,candidate,rotorcraft,旋翼航空器,zhhz.rotorcraft,航空展馆/旋翼航空器,18,17,0,0c60393befdb76617bcec7a54cca987e,0713/AC312E
F5239384-4378-1211-0679-B6956A7623B6,AC332,142441,candidate,rotorcraft,旋翼航空器,zhhz.rotorcraft,航空展馆/旋翼航空器,35,34,10,5c27d1a6e213a107d9353427214f43cd,0713/AC332
63AF742C-4AAA-3E35-C6FB-D68C531A162B,AC519,139475,candidate,rotorcraft,旋翼航空器,zhhz.rotorcraft,航空展馆/旋翼航空器,5,4,1,998617590e857106a7bfb8ce735d0063,0713/AC519
DDD7D25F-4674-4536-CDC5-758F186A6F09,AC523,581058,candidate,rotorcraft,旋翼航空器,zhhz.rotorcraft,航空展馆/旋翼航空器,5,4,1,491ef1e5aae40dccc84bf5fc9a46ca47,0713/AC523
65B8E0E1-42FE-E500-DBB8-78B14499EFB0,AC_313_A002,142505,supplemental,rotorcraft,旋翼航空器,zhhz.rotorcraft,航空展馆/旋翼航空器,67,59,20,504eb09cdcac0dc6d9ad5c24d8d4c19f,0713/AC_313_A002
7A8360DF-44FE-BEDE-1C5E-BA822BC03C5B,AR-E300A,161739,candidate,unmanned_new_aircraft,无人/新型航空器,zhhz.unmanned_new_aircraft,航空展馆/无人及新型航空器,8,7,0,b87f261f0d14723bf5af1ef969cd3859,0713/AR-E300A
B2136A01-4926-299A-3322-F5A68CE8A0A5,AR-E800_电动垂直起降飞行器,161675,supplemental,unmanned_new_aircraft,无人/新型航空器,zhhz.unmanned_new_aircraft,航空展馆/无人及新型航空器,16,12,0,e5d72e2f0fa5daa5fef6fa609e38eddd,0713/AR-E800_电动垂直起降飞行器
EA7AC010-49AA-DC87-F645-60BF95C30D37,AR500C002,100877,supplemental,unmanned_new_aircraft,无人/新型航空器,zhhz.unmanned_new_aircraft,航空展馆/无人及新型航空器,33,24,0,426f8ceb58fc3d8beb74e996eefffee6,0713/AR500C002
481BC3F6-4D2A-3013-C9FF-2A83FC80B0E4,AS700浮空器_,196480,candidate,unmanned_new_aircraft,无人/新型航空器,zhhz.unmanned_new_aircraft,航空展馆/无人及新型航空器,24,23,10,e233cd03e85f81ede40a765fdb84db19,0713/AS700浮空器_
13CD007F-434D-CAEE-B6D1-C9ADAE3ACDD9,GJ-11X,382149,candidate,unmanned_new_aircraft,无人/新型航空器,zhhz.unmanned_new_aircraft,航空展馆/无人及新型航空器,13,12,0,a36458ef3b6929941804a2751d5ca7b2,0713/GJ-11X
5EA824B0-4902-268A-2B63-32BE0FB9CACC,H6J,393984,candidate,fixed_wing_aircraft,固定翼航空器,zhhz.fixed_wing_aircraft,航空展馆/固定翼航空器,2,1,0,250d083e92890bfa0ff6e7217a704724,0713/H6J
5A65B527-442D-DA98-8016-9AB9AFC36C4F,H6K,393985,candidate,fixed_wing_aircraft,固定翼航空器,zhhz.fixed_wing_aircraft,航空展馆/固定翼航空器,2,1,0,9652abd5040da5ce89638c37f58edc7d,0713/H6K
7F295F6E-4129-E35A-598F-82A83B5E48AC,HH-100,612860,candidate,unmanned_new_aircraft,无人/新型航空器,zhhz.unmanned_new_aircraft,航空展馆/无人及新型航空器,108,107,0,012ef1a79b70e47e263d3980de1fef7c,0713/HH-100
24424CC2-4BE9-8F50-150B-28BE26254D96,J-021,609270,candidate,fixed_wing_aircraft,固定翼航空器,zhhz.fixed_wing_aircraft,航空展馆/固定翼航空器,18,15,5,31eb96249fd4d71c739b95d0a070d4be,0713/J-021
178F1379-440F-DD74-4BB2-60B1FADBDE11,J-022,635346,candidate,fixed_wing_aircraft,固定翼航空器,zhhz.fixed_wing_aircraft,航空展馆/固定翼航空器,18,15,5,84fda6bfe8ebb48aa944ceb415bae03b,0713/J-022
E6A89B8B-4A85-E22B-2ECE-61A0509D126F,J-10CE001,544012,candidate,fixed_wing_aircraft,固定翼航空器,zhhz.fixed_wing_aircraft,航空展馆/固定翼航空器,416,223,0,114f5e8cf3b51e36edd1e6cd4eb080b3,0713/J-10CE001
766E06A9-4D0C-49CE-FCF2-B596D4F412F7,J-10CE003,609687,candidate,fixed_wing_aircraft,固定翼航空器,zhhz.fixed_wing_aircraft,航空展馆/固定翼航空器,417,224,0,d3e76e201e633c7c78627b13b918b991,0713/J-10CE003
85555183-47B7-2EB0-44C5-15A2E5EE8EF7,J-15T,345334,candidate,fixed_wing_aircraft,固定翼航空器,zhhz.fixed_wing_aircraft,航空展馆/固定翼航空器,59,58,0,703566aa8adac7b921db8773a5451bef,0713/J-15T
741C0573-40D0-939C-F7ED-2EBFDD010D44,J-15T001,517545,candidate,fixed_wing_aircraft,固定翼航空器,zhhz.fixed_wing_aircraft,航空展馆/固定翼航空器,59,58,0,b4a4d3ed2258bf5bb714a2c63d6b2e5e,0713/J-15T001
81809CE1-479E-8DD6-0AB2-92853045DB01,J-15T002,543480,candidate,fixed_wing_aircraft,固定翼航空器,zhhz.fixed_wing_aircraft,航空展馆/固定翼航空器,59,58,0,17014ff9a409e47c6533c9edeb293d55,0713/J-15T002
12DF9085-4C55-EFBB-7CEE-83A27DD6C9C9,J-16,534827,candidate,fixed_wing_aircraft,固定翼航空器,zhhz.fixed_wing_aircraft,航空展馆/固定翼航空器,18,15,5,c652b8fd4f5318005920deb169fe0dc2,0713/J-16
22C25763-4BC1-6E20-B5A8-659129D7A751,J-20S,462376,candidate,fixed_wing_aircraft,固定翼航空器,zhhz.fixed_wing_aircraft,航空展馆/固定翼航空器,24,23,0,eac4d312ad5c793055ebfbb5eadff695,0713/J-20S
D1CBCEF0-4816-D108-BEFD-A0B38D23572A,J10CE_模拟器,551504,candidate,cockpit_simulator,座舱/模拟训练系统,zhhz.cockpit_simulator,航空展馆/座舱与模拟训练系统,9,8,0,df662e602d3e1e6d1a204b36cd06a243,0713/J10CE_模拟器
E1D6E790-44B5-1B5F-1548-B88F0CB9ADD1,JH-7E,400224,candidate,fixed_wing_aircraft,固定翼航空器,zhhz.fixed_wing_aircraft,航空展馆/固定翼航空器,78,77,0,39643b3e69504ae00c449c232c966e3a,0713/JH-7E
DCBA5A1B-4B76-3B92-EAA5-47B74571479E,KJ-500,69533,candidate,fixed_wing_aircraft,固定翼航空器,zhhz.fixed_wing_aircraft,航空展馆/固定翼航空器,7,6,0,d3058ce68ac59221ee4d885bbc343d1e,0713/KJ-500
20FCB3D1-48F9-DBA8-D0F0-7FA8F9A9BE76,KJ-500H,130203,candidate,fixed_wing_aircraft,固定翼航空器,zhhz.fixed_wing_aircraft,航空展馆/固定翼航空器,7,6,0,5912a9313638bfc7fdc3c4b2be980856,0713/KJ-500H
2F49ACDC-4E94-DA7B-BECE-7DBC779C1AAE,KJ-600,231401,candidate,fixed_wing_aircraft,固定翼航空器,zhhz.fixed_wing_aircraft,航空展馆/固定翼航空器,140,139,0,20a6180b5e75b0814a077c70b90e6a07,0713/KJ-600
7D64B4B2-4D6C-421E-5997-269D0C7115E5,KJ-602,609824,candidate,fixed_wing_aircraft,固定翼航空器,zhhz.fixed_wing_aircraft,航空展馆/固定翼航空器,139,138,0,7e84438bfb2653615d7610ac794814fa,0713/KJ-602
5564B45E-49B6-FB7E-8701-BAA140C61AD9,Kj-511,152877,candidate,fixed_wing_aircraft,固定翼航空器,zhhz.fixed_wing_aircraft,航空展馆/固定翼航空器,7,6,0,27144b7582fd181fd51172759d925ec5,0713/Kj-511
DF0935D6-494B-9636-1E7E-9EBC5BB0CDE5,LD-15-052,231407,candidate,aviation_weapon,航空武器/弹药,zhhz.aviation_weapon,航空展馆/航空武器与弹药,13,12,4,7764fe34bf22ae0619708af66d4d24d3,0713/LD-15-052
3C72983D-47A0-7BBC-A2CE-E09B80B3605C,LD-15-10,156962,candidate,aviation_weapon,航空武器/弹药,zhhz.aviation_weapon,航空展馆/航空武器与弹药,12,11,4,7bc4218caa7614df69816db9292d0a8b,0713/LD-15-10
0216EFE2-48C6-1BDC-71BC-D89A1F6EC2A9,LD-15-25,112958,candidate,aviation_weapon,航空武器/弹药,zhhz.aviation_weapon,航空展馆/航空武器与弹药,8,7,6,1c6359da4bc753ce85fab59cc91d8049,0713/LD-15-25
0279A56E-4194-774E-9698-A5948426923C,LD-15-5,156974,candidate,aviation_weapon,航空武器/弹药,zhhz.aviation_weapon,航空展馆/航空武器与弹药,12,11,4,21ed842987f455cc52ee78fa846cd463,0713/LD-15-5
0DE9A99D-4CB1-A4A2-445E-E0A9403E1B0B,LD-8A,467789,candidate,aviation_weapon,航空武器/弹药,zhhz.aviation_weapon,航空展馆/航空武器与弹药,11,10,0,d0ef0debbf7b05fd732512cf987964db,0713/LD-8A
E50C2FAD-4475-0001-C645-E0A219E7D815,LD-8A001,445155,candidate,aviation_weapon,航空武器/弹药,zhhz.aviation_weapon,航空展馆/航空武器与弹药,11,10,0,6376cb58c3e5d87505ae73d0772e7439,0713/LD-8A001
110D2C4F-4884-E38F-72C7-DCB7D2D56943,LD-8A003,647731,candidate,aviation_weapon,航空武器/弹药,zhhz.aviation_weapon,航空展馆/航空武器与弹药,11,10,0,8ab7304aff0578c899a801ef23e32496,0713/LD-8A003
5514250F-4A8D-EEF0-89AB-49A4B8F8F8DE,LD-8B,467790,candidate,aviation_weapon,航空武器/弹药,zhhz.aviation_weapon,航空展馆/航空武器与弹药,11,10,0,56c67c7db36d973c135a2c0e0943f70b,0713/LD-8B
52C7371D-43EA-35DB-B44D-91A691716218,LS-6-518,415234,candidate,aviation_weapon,航空武器/弹药,zhhz.aviation_weapon,航空展馆/航空武器与弹药,15,13,12,f1b18230b3f90ae9e5f167d0a8bde89a,0713/LS-6-518
36BC02E6-46B5-4F71-2134-498DD53B0B4C,LS-6-522,649339,candidate,aviation_weapon,航空武器/弹药,zhhz.aviation_weapon,航空展馆/航空武器与弹药,15,13,12,873032ed497e2f2dbcda674d3a916240,0713/LS-6-522
69A066AA-4C58-5EA9-30E1-148C61A88F43,MA60灭火,138652,supplemental,fixed_wing_aircraft,固定翼航空器,zhhz.fixed_wing_aircraft,航空展馆/固定翼航空器,103,98,27,0b64e2cc8a4e823e00005dff5b0d6bc7,0713/MA60灭火
29218C27-450B-D0F6-A204-D1B1B2ECF7C9,MA700,139023,candidate,fixed_wing_aircraft,固定翼航空器,zhhz.fixed_wing_aircraft,航空展馆/固定翼航空器,9,8,0,e610ba4a19d94af3a71e9b58bd119556,0713/MA700
82606530-4C73-0A55-049C-34993E3B18AE,MA702,419029,supplemental,fixed_wing_aircraft,固定翼航空器,zhhz.fixed_wing_aircraft,航空展馆/固定翼航空器,111,106,35,71087d041035248cf023a96d395b07b1,0713/MA702
3F40AC2E-4D58-48E6-D8EF-1EBA2030E15C,PL-108,467825,candidate,aviation_weapon,航空武器/弹药,zhhz.aviation_weapon,航空展馆/航空武器与弹药,7,6,0,222f3b09472b732eae21c23d902945ef,0713/PL-108
4CB64195-4EB3-E08A-4581-14B0F27FEFD0,PL-10E,467826,candidate,aviation_weapon,航空武器/弹药,zhhz.aviation_weapon,航空展馆/航空武器与弹药,2,1,0,58551fc496cd057cc557dd259a803f95,0713/PL-10E
905F049F-4373-E4B8-85DC-8D95A1626CE5,PL-10E001,445164,candidate,aviation_weapon,航空武器/弹药,zhhz.aviation_weapon,航空展馆/航空武器与弹药,2,1,0,214d6cf824ba1fe452df9b8d394df12d,0713/PL-10E001
6CFD8F2A-414D-CF23-DE60-E4802054D36C,PL-10E003,647740,candidate,aviation_weapon,航空武器/弹药,zhhz.aviation_weapon,航空展馆/航空武器与弹药,2,1,0,7d3f5d1d8752da5c7ba3cbadf55b8e88,0713/PL-10E003
22FB635C-44C5-E97D-4504-239DB50C81A1,PL-12AE,467827,candidate,aviation_weapon,航空武器/弹药,zhhz.aviation_weapon,航空展馆/航空武器与弹药,2,1,0,ec89b5812576f9a5cddea22a85df401d,0713/PL-12AE
199AF355-4B94-6B70-FF64-2FACB9C9B059,PL-12AE001,445165,candidate,aviation_weapon,航空武器/弹药,zhhz.aviation_weapon,航空展馆/航空武器与弹药,2,1,0,9a46317b5624bff4bdb30abef5eb3066,0713/PL-12AE001
B420AD25-41F1-8728-3599-F0ACFF82A36D,PL-12AE003,647741,candidate,aviation_weapon,航空武器/弹药,zhhz.aviation_weapon,航空展馆/航空武器与弹药,2,1,0,e0d0cd761c68b2050b8402f4f0cf78be,0713/PL-12AE003
DC893275-4389-112D-1D96-6D9270C973E6,PL-15E,410185,candidate,aviation_weapon,航空武器/弹药,zhhz.aviation_weapon,航空展馆/航空武器与弹药,2,1,0,18885da9d9467c6eacebc29eb02060a3,0713/PL-15E
D63E2CB1-4548-370A-9828-828B2E8E33E6,PL-15E001,647742,candidate,aviation_weapon,航空武器/弹药,zhhz.aviation_weapon,航空展馆/航空武器与弹药,2,1,0,bdbb4d3d699fbe3045bc790261f1197b,0713/PL-15E001
4701A663-498F-F8DA-4637-77A69372534C,PL-15EII,468598,candidate,aviation_weapon,航空武器/弹药,zhhz.aviation_weapon,航空展馆/航空武器与弹药,2,1,0,ed88412999f0a440b4f61c64ba83162c,0713/PL-15EII
B21312CD-41EF-ED89-DCB1-F2898ECDE694,PL-15EII001,467828,candidate,aviation_weapon,航空武器/弹药,zhhz.aviation_weapon,航空展馆/航空武器与弹药,2,1,0,fca88cbca50a7aaeadb87ae9fd29cdc5,0713/PL-15EII001
3D3B247D-434F-A4AD-6E80-6E858D0C4D52,PL-5DE,467829,candidate,aviation_weapon,航空武器/弹药,zhhz.aviation_weapon,航空展馆/航空武器与弹药,2,1,0,6d15973c8bbd49a56405839359bc7b68,0713/PL-5DE
F3ABA60F-424B-721F-5D3E-75941E1BABBE,PL-90AE002,467830,candidate,aviation_weapon,航空武器/弹药,zhhz.aviation_weapon,航空展馆/航空武器与弹药,3,2,0,0960100cff80819302516efd4869ae4a,0713/PL-90AE002
EA797DFA-49A0-E18E-5678-28AD1DF8B13D,PLXX-3巡飞弹,555119,candidate,aviation_weapon,航空武器/弹药,zhhz.aviation_weapon,航空展馆/航空武器与弹药,4,1,0,ddc745c567bac40ee98366a5afe2860c,0713/PLXX-3巡飞弹
349F16F9-4C65-3244-50E6-D88C2E19E0F2,SD-100,102504,candidate,aviation_weapon,航空武器/弹药,zhhz.aviation_weapon,航空展馆/航空武器与弹药,14,13,0,f6a55481fb6b33d217abf46a81fb3b75,0713/SD-100
52F91A03-42F0-408B-10FC-F0B45B448F8E,SD-100X,407842,candidate,aviation_weapon,航空武器/弹药,zhhz.aviation_weapon,航空展馆/航空武器与弹药,14,13,0,f5f777edb6dbfb270ecfc5ae8c2523e7,0713/SD-100X
C654EB73-4B1A-9C9B-3341-3A9CD831F725,SD-10A,27827,candidate,aviation_weapon,航空武器/弹药,zhhz.aviation_weapon,航空展馆/航空武器与弹药,14,13,0,bc449cc309a6d0ac9542b201def30ca7,0713/SD-10A
C3F75B82-4935-87DD-8CC0-DC85AA22B4EE,SD-30,31200,candidate,aviation_weapon,航空武器/弹药,zhhz.aviation_weapon,航空展馆/航空武器与弹药,11,10,4,e95c0157ca67ccd837e0390031c08051,0713/SD-30
D2FEB486-4A9B-AA27-5AE6-34BCEA7DE66E,SF50,138347,candidate,fixed_wing_aircraft,固定翼航空器,zhhz.fixed_wing_aircraft,航空展馆/固定翼航空器,3,2,0,e8a4d20653b2e4ea110cc2c60f2fd63a,0713/SF50
1F7A53E2-481B-739D-CCD1-6BA22CE8DBDD,TL-20,467841,candidate,aviation_weapon,航空武器/弹药,zhhz.aviation_weapon,航空展馆/航空武器与弹药,14,12,3,5092e6b46cdec69787b58c9057ce0d68,0713/TL-20
C04B0735-4279-FF5A-F504-9AA3692502ED,TY-20I,648532,candidate,aviation_weapon,航空武器/弹药,zhhz.aviation_weapon,航空展馆/航空武器与弹药,11,10,4,2414d793007c64a2c0db9ca059ca0fa2,0713/TY-20I
AA708354-43A9-D881-601B-C297CB86A51D,TY-20R,38189,candidate,aviation_weapon,航空武器/弹药,zhhz.aviation_weapon,航空展馆/航空武器与弹药,11,10,4,2c3236b585fc7341dba6ac95833df924,0713/TY-20R
017784D4-4B2A-4BDD-F0FB-50B73C6BF196,WL-10A,414391,candidate,unmanned_new_aircraft,无人/新型航空器,zhhz.unmanned_new_aircraft,航空展馆/无人及新型航空器,21,20,0,30407e60b725bbd0a0504af0fb16c21b,0713/WL-10A
D7828349-49E4-74B6-26F7-6F97FC1009AE,WL-10B001,482371,candidate,unmanned_new_aircraft,无人/新型航空器,zhhz.unmanned_new_aircraft,航空展馆/无人及新型航空器,21,20,0,9b5691a847cc781fcfa1d1b81f00495f,0713/WL-10B001
B6D15FFB-4072-063A-CCBF-DEB8A7D6687A,WL-1G_重油）,486932,candidate,unmanned_new_aircraft,无人/新型航空器,zhhz.unmanned_new_aircraft,航空展馆/无人及新型航空器,17,14,12,fa11be28408e4fd2bda44fb45d08c959,0713/WL-1G_重油）
AFF969C3-4102-1DEA-59CE-5D9C8DA6C88C,WL-2D,131162,candidate,unmanned_new_aircraft,无人/新型航空器,zhhz.unmanned_new_aircraft,航空展馆/无人及新型航空器,2,1,0,f7dc64ff9ea722fabeff1ed52be9d19e,0713/WL-2D
4DC99AE2-4D36-E0A2-70D2-A0B967FA4F51,WL-2螺旋桨系统,579862,candidate,aircraft_component,航空部件/子系统,zhhz.aircraft_component,航空展馆/航空部件与子系统,3,2,0,a695a580b5ec7b49f6ace3e7b6325370,0713/WL-2螺旋桨系统
486ECDC3-47F6-B5AC-9D05-2C874DCD3312,WL-3_X_001,565799,candidate,unmanned_new_aircraft,无人/新型航空器,zhhz.unmanned_new_aircraft,航空展馆/无人及新型航空器,150,149,0,2ca207d9c5504472ed9d851f9efa068a,0713/WL-3_X_001
71581708-4245-9E29-CC48-D986A41811B0,WL-3_X_002,608334,candidate,unmanned_new_aircraft,无人/新型航空器,zhhz.unmanned_new_aircraft,航空展馆/无人及新型航空器,150,149,0,bab3de2d6731a66900031a5fbb8ee479,0713/WL-3_X_002
4258FC86-4599-F28C-835B-B1B9ADEBD778,WL-6,414430,candidate,unmanned_new_aircraft,无人/新型航空器,zhhz.unmanned_new_aircraft,航空展馆/无人及新型航空器,18,17,0,2875b02f55cb37f3cffe6e1321e90714,0713/WL-6
E716E99E-4652-9E80-410C-8796E836D389,WZ-7,77068,candidate,unmanned_new_aircraft,无人/新型航空器,zhhz.unmanned_new_aircraft,航空展馆/无人及新型航空器,9,8,0,37ebbc9cfedf59591b4b250413b43d05,0713/WZ-7
9FE2DB0B-433B-C2D8-9D58-D999D042E782,WZ-8,156870,candidate,unmanned_new_aircraft,无人/新型航空器,zhhz.unmanned_new_aircraft,航空展馆/无人及新型航空器,14,13,0,e403eeef00f6a4e8173a13b47e93fb15,0713/WZ-8
CC870770-4026-C894-E498-FEAC062590A4,XG-E800,581050,candidate,unmanned_new_aircraft,无人/新型航空器,zhhz.unmanned_new_aircraft,航空展馆/无人及新型航空器,8,7,0,861852442bd6024084b5fd39d7f271b8,0713/XG-E800
C5C92FAF-4685-98C2-7B5C-779EBC1098C2,Y-12E008,458506,candidate,fixed_wing_aircraft,固定翼航空器,zhhz.fixed_wing_aircraft,航空展馆/固定翼航空器,10,7,0,439f09aac12f2466ebb13c3302abe993,0713/Y-12E008
E41A2DA3-4C8D-70D1-FB17-F190D72EFA87,Y-12F_消防,200309,candidate,fixed_wing_aircraft,固定翼航空器,zhhz.fixed_wing_aircraft,航空展馆/固定翼航空器,10,7,0,f5d149be658cbaf04562e50509bc0b7e,0713/Y-12F_消防
11833226-4FDA-5A95-E679-2CBF2B6EFED1,Y-20B,636956,candidate,fixed_wing_aircraft,固定翼航空器,zhhz.fixed_wing_aircraft,航空展馆/固定翼航空器,53,52,0,e6a5ddd28ce9df4f1bbb7161420685e3,0713/Y-20B
620E56C2-4285-A997-F99C-90822E649379,Y-9E,75870,candidate,fixed_wing_aircraft,固定翼航空器,zhhz.fixed_wing_aircraft,航空展馆/固定翼航空器,7,6,0,bab34a106c2481fb7f060b23379b2f9d,0713/Y-9E
36D357AE-46FA-1408-D9E9-198B2C13ABA1,Y-9反潜巡逻,102922,candidate,fixed_wing_aircraft,固定翼航空器,zhhz.fixed_wing_aircraft,航空展馆/固定翼航空器,8,7,0,75c118b0c1b971dac75d5d38bdf3f00b,0713/Y-9反潜巡逻
1F9E1FE0-40DB-0E2D-B559-42A064E0AC10,Y-9电子侦察,393986,candidate,fixed_wing_aircraft,固定翼航空器,zhhz.fixed_wing_aircraft,航空展馆/固定翼航空器,7,6,0,34aca4e78aad11a0dc39a3da6e2cffb9,0713/Y-9电子侦察
58C0A7A6-4698-3466-B014-EDB8EF163C7D,Y-9雷达干扰,101498,candidate,fixed_wing_aircraft,固定翼航空器,zhhz.fixed_wing_aircraft,航空展馆/固定翼航空器,8,7,0,fcb03897d068fc0b9f81f1e696395c47,0713/Y-9雷达干扰
A948519A-4762-3B69-8D54-22BEA5BA0104,YJ-9ER,467840,candidate,aviation_weapon,航空武器/弹药,zhhz.aviation_weapon,航空展馆/航空武器与弹药,17,14,6,15def895c1ae98e6649827f375aef30b,0713/YJ-9ER
AC9AA739-4430-147A-F72D-76870E04724A,YJ-9ER001,648549,candidate,aviation_weapon,航空武器/弹药,zhhz.aviation_weapon,航空展馆/航空武器与弹药,17,14,6,dd7434fab53f7cc0eb825ca9f5d8a876,0713/YJ-9ER001
472F7456-4AAD-E796-A08A-F9A248BECEB0,YJ-9ER002,648566,candidate,aviation_weapon,航空武器/弹药,zhhz.aviation_weapon,航空展馆/航空武器与弹药,17,14,6,dfc99941d5b122515bb752955a7b780c,0713/YJ-9ER002
33E72302-4496-671F-22D6-9EB794BD97CB,YR20A,151186,candidate,fixed_wing_aircraft,固定翼航空器,zhhz.fixed_wing_aircraft,航空展馆/固定翼航空器,68,67,0,a4d572fad6826ecacf1bf9c420e45124,0713/YR20A
4D41B4D8-4D82-E378-5FAE-93A4AC1C2250,Z-11EB,384527,candidate,rotorcraft,旋翼航空器,zhhz.rotorcraft,航空展馆/旋翼航空器,92,75,0,68b8f4fc784d4c886706aab8d089ed57,0713/Z-11EB
A5902439-4E24-F3C1-5C93-9F8A2F08CC18,Z-18F,101798,candidate,rotorcraft,旋翼航空器,zhhz.rotorcraft,航空展馆/旋翼航空器,16,15,6,6c84e79d40d45a7f8f4b105d1280f78e,0713/Z-18F
ADD88FD5-428A-F0AF-A797-78BC4713FD06,Z-19,1671,candidate,rotorcraft,旋翼航空器,zhhz.rotorcraft,航空展馆/旋翼航空器,11,10,0,838d66598167e0da7a51dc4e23d61501,0713/Z-19
C82F1503-4B03-7C70-9B5A-79B144168CC1,Z-20,101533,candidate,rotorcraft,旋翼航空器,zhhz.rotorcraft,航空展馆/旋翼航空器,7,6,0,17fb8fa8ca1dc462353e587b6fcb5376,0713/Z-20
BADFFEA0-48C0-AC86-F22B-1B8406BED1EC,Z-20F,394001,candidate,rotorcraft,旋翼航空器,zhhz.rotorcraft,航空展馆/旋翼航空器,7,6,0,37f607e4d7e29fdfc869038ae13c691a,0713/Z-20F
0F07F422-4CB5-2DD7-A46F-B8A8564A6B02,Z-20J,111943,candidate,rotorcraft,旋翼航空器,zhhz.rotorcraft,航空展馆/旋翼航空器,7,6,0,3626585dd542077ead2f4c9e3dee7e91,0713/Z-20J
2A8C0928-47E7-E3F9-7264-4B9484D0DF85,Z-20T,393998,candidate,rotorcraft,旋翼航空器,zhhz.rotorcraft,航空展馆/旋翼航空器,7,6,0,7cdce394bdddc82298b641ae628e57b4,0713/Z-20T
EBA35AB3-4C66-E4CA-F8D5-5DBF4ECF918E,Z-8C,69551,candidate,rotorcraft,旋翼航空器,zhhz.rotorcraft,航空展馆/旋翼航空器,16,15,6,9274f17120c6faf661e5fad4c1f2c0a6,0713/Z-8C
0F41E1E9-43B0-971F-18FA-BAB96376DD80,Z-9ME,487937,candidate,rotorcraft,旋翼航空器,zhhz.rotorcraft,航空展馆/旋翼航空器,16,15,0,f00f2b9d030c4f02ede9ed576857d79e,0713/Z-9ME
6E10A173-4916-0F5E-4CFD-C69D4126E896,Z-9ME001,487955,candidate,rotorcraft,旋翼航空器,zhhz.rotorcraft,航空展馆/旋翼航空器,16,15,0,012db238eea22d06e9839a717b3d4a1f,0713/Z-9ME001
9BB5EA90-4E1A-3A3E-7F3F-6B988A2CF83E,Z-9ME002,619785,candidate,rotorcraft,旋翼航空器,zhhz.rotorcraft,航空展馆/旋翼航空器,16,15,0,29b62a2d06a58b5ee0a28fd41442fa02,0713/Z-9ME002
E5CF5774-46F9-BAE4-D230-23BE7533AA43,Z-9WE,487098,candidate,rotorcraft,旋翼航空器,zhhz.rotorcraft,航空展馆/旋翼航空器,130,113,0,b5899d452329c8113ba3c2cac5b938ea,0713/Z-9WE
1DA37C6F-4526-1A13-B921-BABFE76DA3F9,Z8LLLLL002,77273,supplemental,rotorcraft,旋翼航空器,zhhz.rotorcraft,航空展馆/旋翼航空器,70,63,21,e33211013ebd3d3ce0a2f003401c166a,0713/Z8LLLLL002
359757BC-444A-751A-2FBE-0C85FC750553,ZB__K-8,38265,candidate,fixed_wing_aircraft,固定翼航空器,zhhz.fixed_wing_aircraft,航空展馆/固定翼航空器,81,80,0,4d62426bd91a835cbc94fec9cc23ff24,0713/ZB__K-8
48753186-4D05-DC9B-A06B-05A071319935,eVTOL综合航电,659217,candidate,avionics_sensor,航电/传感器/对抗设备,zhhz.avionics_sensor,航空展馆/航电、传感器与对抗设备,13,11,0,6e768434183860091aa0128edac3d56c,0713/eVTOL综合航电
83A918FF-496B-EC80-DD4A-CCA371AF2D17,九天_多用途无人母鸡_,260170,candidate,unmanned_new_aircraft,无人/新型航空器,zhhz.unmanned_new_aircraft,航空展馆/无人及新型航空器,20,17,10,629c5834621af486d776569884517084,0713/九天_多用途无人母鸡_
2DEAF5DF-421B-4D9D-01D9-A18FED62307E,先进直升机飞控系统综合展示座舱,211982,candidate,cockpit_simulator,座舱/模拟训练系统,zhhz.cockpit_simulator,航空展馆/座舱与模拟训练系统,38,33,13,82a8b76e345c94b3704f632fdc04ecec,0713/先进直升机飞控系统综合展示座舱
49047E30-4726-520E-8355-F18F077D7FEF,光剑11A,554220,candidate,aviation_weapon,航空武器/弹药,zhhz.aviation_weapon,航空展馆/航空武器与弹药,12,10,0,ec5ea80b5a9780cf0c9ee49266157413,0713/光剑11A
6842C2E7-420F-709E-C2A1-2C9DB0D64AF9,光剑21A_B,554154,candidate,aviation_weapon,航空武器/弹药,zhhz.aviation_weapon,航空展馆/航空武器与弹药,21,19,0,7194a14ca0e79122de88c1493e238051,0713/光剑21A_B
E6B96B36-4C62-686E-52A9-BAA2B54AB686,光电告警设备,570660,candidate,avionics_sensor,航电/传感器/对抗设备,zhhz.avionics_sensor,航空展馆/航电、传感器与对抗设备,13,12,0,643edd0f21e76be4f0a4ba09c6e27651,0713/光电告警设备
B5A626E1-4A26-2D70-6CB2-5BBAC33B261B,双模态战斗机,413340,candidate,fixed_wing_aircraft,固定翼航空器,zhhz.fixed_wing_aircraft,航空展馆/固定翼航空器,2,1,0,ae56b27446d6f81b2db506655c616ed8,0713/双模态战斗机
42444FBE-4752-8BAA-51C6-F5A0529D03E8,夜视夜战吊舱,570688,candidate,avionics_sensor,航电/传感器/对抗设备,zhhz.avionics_sensor,航空展馆/航电、传感器与对抗设备,5,4,1,a462b8625be3f8684b60c4684083fd09,0713/夜视夜战吊舱
B9B3F818-4DC7-E869-4815-23B606491716,定向对抗设备,570673,candidate,avionics_sensor,航电/传感器/对抗设备,zhhz.avionics_sensor,航空展馆/航电、传感器与对抗设备,8,7,0,2acead3d4252841631ab3455202fe3c6,0713/定向对抗设备
C009B5A1-4471-83DB-5E66-93A4AE8F6549,客舱系统,533267,supplemental,cockpit_simulator,座舱/模拟训练系统,zhhz.cockpit_simulator,航空展馆/座舱与模拟训练系统,165,153,55,6bacf992c213c29f943b7efa4270da74,0713/客舱系统
CDF6D740-418B-348E-B1D5-61941818E1F9,操作系统,574794,candidate,display_control_terminal,触控与操作终端,zhhz.display_control_terminal,航空展馆/触控与操作终端,34,31,0,dd2e759b7032b97af5a57f3144ddfb55,0713/操作系统
559E8E84-436F-62B8-7220-5D9FB877753F,操作系统001,574854,candidate,display_control_terminal,触控与操作终端,zhhz.display_control_terminal,航空展馆/触控与操作终端,34,31,0,e9512dfc4b2f0df2fbf9118c20f0a4fd,0713/操作系统001
A2AE29A3-4BF2-9D85-1F3A-4D85A0104110,教-7,257865,candidate,fixed_wing_aircraft,固定翼航空器,zhhz.fixed_wing_aircraft,航空展馆/固定翼航空器,34,32,0,716dda1347750b03cafdbbf8b20fc29c,0713/教-7
70C443EB-4540-3BEF-9255-2BA0BBB9C574,新舟搜救机,142707,supplemental,fixed_wing_aircraft,固定翼航空器,zhhz.fixed_wing_aircraft,航空展馆/固定翼航空器,111,106,35,8d3c74bec56833c439f5ec85999cc3de,0713/新舟搜救机
26ADDF41-4A7C-1E65-EFAD-60BCBBFF0D8A,某光电吊舱,612103,candidate,avionics_sensor,航电/传感器/对抗设备,zhhz.avionics_sensor,航空展馆/航电、传感器与对抗设备,5,4,0,83fa8ca8ad0b0f9ab7f21c9211830c72,0713/某光电吊舱
306845EA-4C39-4131-EB47-F29688E84057,某某直升机光电吊舱,578336,candidate,avionics_sensor,航电/传感器/对抗设备,zhhz.avionics_sensor,航空展馆/航电、传感器与对抗设备,2,1,0,d5cb41aca3f5e74fcb7e2bcd2007cf6e,0713/某某直升机光电吊舱
C0AB7021-482B-320E-CD7E-98A0E92C692F,民用数字化屏显座舱展项,359335,candidate,cockpit_simulator,座舱/模拟训练系统,zhhz.cockpit_simulator,航空展馆/座舱与模拟训练系统,76,42,0,336c535671e1d036f18d7747e2100d7c,0713/民用数字化屏显座舱展项
A4F26D5C-4078-2DA7-5F60-358AB0FB28FD,氢能源无人机,198028,candidate,unmanned_new_aircraft,无人/新型航空器,zhhz.unmanned_new_aircraft,航空展馆/无人及新型航空器,5,4,0,10f8d173537e942befc0e9863deca26c,0713/氢能源无人机
65316C8B-4DB0-D6F7-A10D-1A867AAE0BE0,空中加油座舱,211920,candidate,cockpit_simulator,座舱/模拟训练系统,zhhz.cockpit_simulator,航空展馆/座舱与模拟训练系统,44,42,9,1c97250b8d4801aa2c68154b27e50d90,0713/空中加油座舱
A65FEE4E-4A24-2520-4732-05BC602D963B,空天飞机那玩意,121818,candidate,fixed_wing_aircraft,固定翼航空器,zhhz.fixed_wing_aircraft,航空展馆/固定翼航空器,13,11,1,ab972f6e27d60d2173f1c7938da6cdb3,0713/空天飞机那玩意
627E210F-4F6A-8028-0A87-47B9F4A0B886,翼龙-10H002,142580,supplemental,unmanned_new_aircraft,无人/新型航空器,zhhz.unmanned_new_aircraft,航空展馆/无人及新型航空器,68,61,28,d7abee9a4b1b73ec0888f83b4551765c,0713/翼龙-10H002
F0CC6686-4347-1807-617E-69A39D9A8085,翼龙-10H003,194115,supplemental,unmanned_new_aircraft,无人/新型航空器,zhhz.unmanned_new_aircraft,航空展馆/无人及新型航空器,75,65,31,71175d842b70c6d8f652345b7b3707a9,0713/翼龙-10H003
C7D1CAEA-451F-C3CA-3CB6-E48C454F9B98,触控显示屏002,539598,candidate,display_control_terminal,触控与操作终端,zhhz.display_control_terminal,航空展馆/触控与操作终端,3,2,0,78d8ca19c3e1982f30f9ed2d9b52c528,0713/触控显示屏002
095548B9-4161-6DEE-58E6-E69D53975F99,触控显示屏003,539601,candidate,display_control_terminal,触控与操作终端,zhhz.display_control_terminal,航空展馆/触控与操作终端,3,2,0,43826ad3baec66c98cfc658ac6d5b351,0713/触控显示屏003
AFF1FE8A-4C4D-4107-7447-B8B43936ED51,触控显示屏004,539604,candidate,display_control_terminal,触控与操作终端,zhhz.display_control_terminal,航空展馆/触控与操作终端,3,2,0,30e8fad3c09edeaf57cef73eeb3359ea,0713/触控显示屏004
DB4DFBE6-44E4-F8C8-F31A-E39ECDC75FCA,触控显示屏005,539607,candidate,display_control_terminal,触控与操作终端,zhhz.display_control_terminal,航空展馆/触控与操作终端,3,2,0,5e3b1d7c2d1c53d691b63cdfb4f0657d,0713/触控显示屏005
8ACDDB3B-410D-C494-18D9-DD8C52EE01A9,触控显示屏006,539610,candidate,display_control_terminal,触控与操作终端,zhhz.display_control_terminal,航空展馆/触控与操作终端,3,2,0,00089f9c8c0eae1139145da07da92da6,0713/触控显示屏006
3BD70343-4EEE-C9E5-8EB1-C999AE0690D7,触控显示屏007,539613,candidate,display_control_terminal,触控与操作终端,zhhz.display_control_terminal,航空展馆/触控与操作终端,3,2,0,5cd730399d73178eb205367e08dd351a,0713/触控显示屏007
BECCA447-41FA-EB4F-34E1-E588E731B7EB,触控显示屏008,539616,candidate,display_control_terminal,触控与操作终端,zhhz.display_control_terminal,航空展馆/触控与操作终端,3,2,0,f97df98975bc81e39779cc8a98eaee9e,0713/触控显示屏008
9C5728D7-4ED7-3717-5937-F59BA0BEE124,触控显示屏009,539619,candidate,display_control_terminal,触控与操作终端,zhhz.display_control_terminal,航空展馆/触控与操作终端,3,2,0,1ddd3314a89c2a1a6f78be52c3936d49,0713/触控显示屏009
A0EF502E-430D-FC88-C894-2FB410E948A7,触控显示屏01,539595,candidate,display_control_terminal,触控与操作终端,zhhz.display_control_terminal,航空展馆/触控与操作终端,3,2,0,a122cc1a354cf60e265d3d2e8bd33b59,0713/触控显示屏01
1748D102-43AE-DEB5-157C-E6A80E890B65,触控显示屏010,539622,candidate,display_control_terminal,触控与操作终端,zhhz.display_control_terminal,航空展馆/触控与操作终端,3,2,0,888774cb51dba41e5a4a8cb1ea1058d7,0713/触控显示屏010
C5C51850-4668-BD33-7FBE-35834CEE7743,触控显示屏011,539625,candidate,display_control_terminal,触控与操作终端,zhhz.display_control_terminal,航空展馆/触控与操作终端,3,2,0,113e68d6810238bfff2aa658eaea9674,0713/触控显示屏011
FE3D68D8-46EB-A6CD-269A-B9845977163B,触控显示屏012,539628,candidate,display_control_terminal,触控与操作终端,zhhz.display_control_terminal,航空展馆/触控与操作终端,3,2,0,dffaba406098e35f584d7ffccdb7b57b,0713/触控显示屏012
FD881E29-44A4-92F3-4437-B3BDD5723D67,触控显示屏013,637781,candidate,display_control_terminal,触控与操作终端,zhhz.display_control_terminal,航空展馆/触控与操作终端,3,2,0,c39330ceaa66dfd6866624f96f565de8,0713/触控显示屏013
86EA11E4-418B-235C-7783-4B8BD3753236,触控显示屏014,673530,candidate,display_control_terminal,触控与操作终端,zhhz.display_control_terminal,航空展馆/触控与操作终端,3,2,0,5e899719bec6e62dac7585272218cc1d,0713/触控显示屏014
E75E02A4-4760-D7CA-7C70-4DAFBB1FCA58,运-20F100,139352,candidate,fixed_wing_aircraft,固定翼航空器,zhhz.fixed_wing_aircraft,航空展馆/固定翼航空器,5,4,0,4546f3ac3e968c98fdbdbbc273d5c34c,0713/运-20F100
5708AB1D-4E7D-DD4D-F3B2-5086B38E6FB7,鹮影60,582612,candidate,unmanned_new_aircraft,无人/新型航空器,zhhz.unmanned_new_aircraft,航空展馆/无人及新型航空器,7,6,0,47c17699f69a4e2e1efc2b527cf0c845,0713/鹮影60
